filepath,room_type,split,condition_score
train/balcony/1302750086537790_4247031595442943__005_10163368562137832.jpg,balcony,train,5
train/balcony/151351752255977_1998516384206162__001_27788607637425962.jpg,balcony,train,3
train/balcony/1250686224969130_26887670177510716__005_27058137690485717.jpg,balcony,train,2
train/balcony/1302750086537790_4250087035137399__001_4250087035137399.jpg,balcony,train,5
train/balcony/1564067761059184_2159269548205666__006_2809412206068959.jpg,balcony,train,5
train/balcony/1414853725269536_26894078556920369__008_1496706951990468.jpg,balcony,train,4
train/balcony/137474916300778_26694895626798679__003_10242464802135389.jpg,balcony,train,4
train/balcony/1480733602056021_26627253503644017__004_10164648124988770.jpg,balcony,train,3
train/balcony/1029345667543954_2387083148436859__007_1021232970333541.jpg,balcony,train,4
train/balcony/1692162830827333_26968206686129599__005_1564004872402607.jpg,balcony,train,4
train/balcony/1591401697779759_4253735598213009__004_27739876915614733.jpg,balcony,train,4
train/balcony/1444861819075775_4433637780198149__010_26824283790590911.jpg,balcony,train,5
train/balcony/136756476866142_2180347489173687__009_26299327883099705.jpg,balcony,train,5
train/balcony/1308193765888197_36035796952701102__002_10232744892706059.jpg,balcony,train,5
train/balcony/1302750086537790_4239205196225583__003_26464036079958651.jpg,balcony,train,5
train/balcony/137474916300778_26706485362306372__001_26706485362306372.jpg,balcony,train,4
train/balcony/167401334126918_2011099289757104__006_27389779067280728.jpg,balcony,train,4
train/balcony/1692162830827333_26851985701085032__003_10164244715308620.jpg,balcony,train,4
train/balcony/1374467126144215_4383213515269546__003_4431665097120536.jpg,balcony,train,3
train/balcony/151351752255977_1993591844698616__003_27716547624631964.jpg,balcony,train,3
train/balcony/133922880497171_2056041521618621__006_10229210893290745.jpg,balcony,train,4
train/balcony/1302750086537790_4246349392177830__004_10239656190290280.jpg,balcony,train,3
train/balcony/1302750086537790_4238853649594071__003_10174199559730612.jpg,balcony,train,4
train/balcony/140974480089370_2200510287469102__004_27389124264013990.jpg,balcony,train,4
train/balcony/111163552234056_27819199181003787__006_2514703752379277.jpg,balcony,train,2
train/balcony/1108280606220345_2679463205768736__007_27014484954848620.jpg,balcony,train,5
train/balcony/162570224559186_2196085097874345__006_1633202235475449.jpg,balcony,train,4
train/balcony/101875683484689_2904975009841395__009_10243473618564569.jpg,balcony,train,5
train/balcony/125793327613639_3042871415905801__006_1559958256132131.jpg,balcony,train,4
train/balcony/1029345667543954_2389627394849101__006_122170296206908145.jpg,balcony,train,4
train/balcony/1374467126144215_4384192071838357__001_4384192071838357.jpg,balcony,train,4
train/balcony/167401334126918_2017250172475349__001_2017250172475349.jpg,balcony,train,4
train/balcony/136756476866142_2175292663012503__002_10241060896484577.jpg,balcony,train,4
train/balcony/1446203822077011_27370215589249146__004_122163880490902795.jpg,balcony,train,4
train/balcony/1578259502584829_2452308541846583__006_27337157605914396.jpg,balcony,train,4
train/balcony/1308193765888197_35915959941351471__001_35915959941351471.jpg,balcony,train,4
train/balcony/1308193765888197_35932248796389252__005_36098827809708119.jpg,balcony,train,3
train/balcony/1374467126144215_4392599280997636__005_27437055325905977.jpg,balcony,train,4
train/balcony/128182133878732_27338942395709338__005_1501624128322059.jpg,balcony,train,4
train/balcony/1109406492459598_27223231510650406__009_2901417403539290.jpg,balcony,train,4
train/balcony/162570224559186_2190507785098743__003_122122246035235415.jpg,balcony,train,4
train/balcony/1658210834462300_4484090648540957__001_4484090648540957.jpg,balcony,train,5
train/balcony/1302750086537790_4248789615267141__004_1324117093117154.jpg,balcony,train,5
train/balcony/1308193765888197_35912862771661188__005_27140822988844370.jpg,balcony,train,4
train/balcony/1424244737803677_4552393058322147__001_4552393058322147.jpg,balcony,train,5
train/balcony/162570224559186_2189724528510402__002_26320397624224880.jpg,balcony,train,5
train/balcony/1592420637729022_3953758228261906__004_4325878507625086.jpg,balcony,train,5
train/balcony/1644120495892745_3942755262695912__003_10227251838716883.jpg,balcony,train,3
train/balcony/162570224559186_2191100601706128__003_2325683124626097.jpg,balcony,train,5
train/balcony/1692162830827333_26813243231625946__003_35371901449120370.jpg,balcony,train,5
train/balcony/108387882545483_27154516837505888__003_4462708373874782.jpg,balcony,train,5
train/balcony/1108075092683422_3610925029065070__001_1642547686967472.jpg,balcony,train,4
train/balcony/137474916300778_26793358853619022__004_1589963855426845.jpg,balcony,train,4
train/balcony/101875683484689_2902155936789969__002_27235780636025950.jpg,balcony,train,5
train/balcony/1108280606220345_2681318788916511__007_1800991247725122.jpg,balcony,train,5
train/balcony/1592420637729022_3953790301592032__003_4106063212871391.jpg,balcony,train,3
train/balcony/1692162830827333_26915440154739586__001_26915440154739586.jpg,balcony,train,5
train/balcony/1697699190534876_3929534160684690__001_10238507940530339.jpg,balcony,train,4
train/balcony/1446203822077011_27330354209901951__001_27330354209901951.jpg,balcony,train,5
train/balcony/1175635132590303_3553245814829211__012_1823027145346780.jpg,balcony,train,5
train/balcony/1108280606220345_2679431349105255__005_27255335517407636.jpg,balcony,train,5
train/balcony/109471915759582_36110493601897291__008_1471172441693965.jpg,balcony,train,5
train/balcony/110907419268500_2731506697208546__007_4386440894933179.jpg,balcony,train,4
train/balcony/1302750086537790_4232543200225116__002_1144170175436728.jpg,balcony,train,4
train/balcony/1108280606220345_2677591979289192__004_26802828529387420.jpg,balcony,train,5
train/balcony/1333924010089214_3461694423978818__005_980049217731513.jpg,balcony,train,2
train/balcony/1131541966889617_26923687563915037__007_36050920801159816.jpg,balcony,train,3
train/balcony/1658210834462300_4484143088535713__002_2775539432783055.jpg,balcony,train,4
train/balcony/140974480089370_2198794994307298__006_27325080560418728.jpg,balcony,train,5
train/balcony/1108075092683422_3627964644027775__003_27092465340370687.jpg,balcony,train,4
train/balcony/111163552234056_27844021078521597__006_4181198175473988.jpg,balcony,train,5
train/balcony/1692162830827333_26973046965645571__003_122236480928470521.jpg,balcony,train,5
train/balcony/167401334126918_2019870268880006__010_26916346481319352.jpg,balcony,train,3
train/balcony/1308193765888197_36012495085031289__005_10233946707997998.jpg,balcony,train,3
train/balcony/1658210834462300_4486725118277510__006_10244845610383037.jpg,balcony,train,5
train/balcony/1374467126144215_4383293395261558__002_1431101469049909.jpg,balcony,train,5
train/balcony/1444861819075775_4440864096142184__012_10163182170134538.jpg,balcony,train,5
train/balcony/140974480089370_2199601377559993__001_10163742515109379.jpg,balcony,train,3
train/balcony/1569279603190851_26515700981455368__003_10244460630597138.jpg,balcony,train,5
train/balcony/1308193765888197_35959276130353185__001_35959276130353185.jpg,balcony,train,3
train/balcony/1692162830827333_26920193457597589__003_28119009851022601.jpg,balcony,train,3
train/balcony/1100386826745670_27145393258485004__003_26760054663681723.jpg,balcony,train,3
train/balcony/1029345667543954_2384140292064478__008_2062050017822102.jpg,balcony,train,5
train/balcony/126295760730491_27805290835737611__002_10164008446008397.jpg,balcony,train,4
train/balcony/1029345667543954_2389450551533452__001_2389450551533452.jpg,balcony,train,4
train/balcony/1029345667543954_2385348311943676__001_2385348311943676.jpg,balcony,train,4
train/balcony/1302750086537790_4234527640026672__006_1538081571220849.jpg,balcony,train,4
train/balcony/1333924010089214_3473397616141832__003_10233018590714514.jpg,balcony,train,4
train/balcony/1302750086537790_4238353462977423__007_10243373789389675.jpg,balcony,train,3
train/balcony/1644120495892745_3953693864935385__006_27981050861481915.jpg,balcony,train,5
train/balcony/1664792386922491_26654142037560847__002_26987073397554313.jpg,balcony,train,3
train/balcony/1444861819075775_4441878916040702__009_27360048960247194.jpg,balcony,train,4
train/balcony/1409711522615858_4214254838828165__009_27991714287084937.jpg,balcony,train,3
train/balcony/108387882545483_27096062930017946__008_4360635034266262.jpg,balcony,train,3
train/balcony/140974480089370_2199773880876076__001_2199773880876076.jpg,balcony,train,3
train/balcony/1369521363409648_2776252876069816__002_10242328316372533.jpg,balcony,train,5
train/balcony/1308193765888197_36089137847367012__004_27508171725489526.jpg,balcony,train,4
train/balcony/1381673142221410_3103404596714914__004_1705968950580870.jpg,balcony,train,4
train/balcony/162570224559186_2196905237792331__001_2196905237792331.jpg,balcony,train,3
train/balcony/108387882545483_27059984563625783__005_10236561107380067.jpg,balcony,train,3
train/balcony/1644120495892745_3953840434920728__004_10237641406428287.jpg,balcony,train,5
train/balcony/125793327613639_3042805149245761__004_27242622672005018.jpg,balcony,train,3
train/balcony/1592420637729022_3952088505095545__002_10237963598203693.jpg,balcony,train,4
train/balcony/1374467126144215_4390506397873591__004_10163623303128301.jpg,balcony,train,5
train/balcony/133922880497171_2057348191487954__001_27690262433896603.jpg,balcony,train,4
train/balcony/1100386826745670_27307951588895836__007_1635609948568011.jpg,balcony,train,4
train/balcony/1446203822077011_27369377139332991__011_1523906706413697.jpg,balcony,train,5
train/balcony/1692162830827333_26856449303972005__004_1555708629898898.jpg,balcony,train,5
train/balcony/1444861819075775_4435507733344487__010_26615954651433473.jpg,balcony,train,4
train/balcony/1250686224969130_26808815002062901__004_27427365793527609.jpg,balcony,train,5
train/balcony/1383397445076108_26857226280599874__009_1457198356422799.jpg,balcony,train,4
train/balcony/1131541966889617_26926496613634132__001_26588940797457484.jpg,balcony,train,3
train/balcony/1444861819075775_4441888246039769__010_27360181050233985.jpg,balcony,train,5
train/balcony/1029345667543954_2385044705307370__004_27396489589948324.jpg,balcony,train,4
train/balcony/162570224559186_2192315084918013__006_10165055542791639.jpg,balcony,train,3
train/balcony/1117824112816877_1667214581211158__001_1667214581211158.jpg,balcony,train,3
train/balcony/1692162830827333_26926502393633362__001_26926502393633362.jpg,balcony,train,3
train/balcony/1029345667543954_2385869038558270__001_1729261815077379.jpg,balcony,train,5
train/balcony/1302750086537790_4255430657936370__003_122129917179166066.jpg,balcony,train,4
train/balcony/137474916300778_26829755196646054__006_27510105371925038.jpg,balcony,train,5
train/balcony/1446203822077011_27297755253161847__001_27297755253161847.jpg,balcony,train,4
train/balcony/1591401697779759_4250250495228186__001_4250250495228186.jpg,balcony,train,4
train/balcony/126295760730491_27835972492669445__002_10167852531108747.jpg,balcony,train,3
train/balcony/1369521363409648_2776230269405410__001_35701937546086161.jpg,balcony,train,5
train/balcony/1175635132590303_3553466571473802__012_1528799185501896.jpg,balcony,train,4
train/balcony/1446203822077011_27391042257166479__003_28064609659794546.jpg,balcony,train,4
train/balcony/128182133878732_27375151992088378__001_27375151992088378.jpg,balcony,train,4
train/balcony/1302750086537790_4236980959781340__006_1677483396918763.jpg,balcony,train,4
train/balcony/1692162830827333_26849928277957441__001_26849928277957441.jpg,balcony,train,3
train/balcony/1302750086537790_4243797239099712__002_4442005322793593.jpg,balcony,train,3
train/balcony/1100386826745670_27172850182405978__006_26787562867597569.jpg,balcony,train,4
train/balcony/126295760730491_27777221161877912__007_27048083768116617.jpg,balcony,train,5
train/balcony/1592420637729022_3954783948159334__002_2085215325388987.jpg,balcony,train,4
train/balcony/1333924010089214_3463509843797276__007_950719214375491.jpg,balcony,train,4
train/balcony/141224653236180_1861470861211542__002_979836841086512.jpg,balcony,train,4
train/balcony/1592420637729022_3958560881114974__003_3464634787047336.jpg,balcony,train,4
train/balcony/1414853725269536_27050040214657535__008_1711064400308821.jpg,balcony,train,4
train/balcony/1369521363409648_2780279442333826__005_10244232723090706.jpg,balcony,train,3
train/balcony/1574044329492258_4570089523221042__006_10162267943726470.jpg,balcony,train,4
train/balcony/1692162830827333_26949465871337014__012_26980010164975375.jpg,balcony,train,4
train/balcony/155513625152539_1910441649659719__004_4358498267813272.jpg,balcony,train,4
train/balcony/101875683484689_2902333753438854__010_10245377441280776.jpg,balcony,train,4
train/balcony/140974480089370_2200551247465006__002_122193778688400293.jpg,balcony,train,4
train/balcony/167401334126918_2011098466423853__004_26784134037873931.jpg,balcony,train,4
train/balcony/1692162830827333_26916948954588706__004_122230176770549755.jpg,balcony,train,4
train/balcony/1108280606220345_2684300691951654__001_10165474236009113.jpg,balcony,train,4
train/balcony/167401334126918_2018070265726673__001_2018070265726673.jpg,balcony,train,4
train/balcony/140974480089370_2199376970915767__003_27934941582763197.jpg,balcony,train,4
train/balcony/151351752255977_2006986380025829__002_27914094744877250.jpg,balcony,train,3
train/balcony/1108280606220345_2685412371840486__007_26771844252425561.jpg,balcony,train,4
train/balcony/1444861819075775_4435667979995129__001_4435667979995129.jpg,balcony,train,5
train/balcony/1409711522615858_4201184283468554__005_35360586753556581.jpg,balcony,train,4
train/balcony/1302750086537790_4232120706934032__006_1674318843901885.jpg,balcony,train,4
train/balcony/1692162830827333_26916952474588354__001_26916952474588354.jpg,balcony,train,3
train/balcony/126295760730491_27993926560207370__004_28077893525133081.jpg,balcony,train,3
train/balcony/125793327613639_3041950002664609__002_10239680672488315.jpg,balcony,train,3
train/balcony/1374467126144215_4387668378157393__007_27231214466504181.jpg,balcony,train,5
train/balcony/1574044329492258_4570458529850808__003_10162269272701470.jpg,balcony,train,5
train/balcony/140974480089370_2198832584303539__012_961932596587486.jpg,balcony,train,4
train/balcony/1592420637729022_3954846454819750__004_27956690407252071.jpg,balcony,train,5
train/balcony/151351752255977_2001434393914361__008_2138978416646189.jpg,balcony,train,5
train/balcony/101875683484689_2902022890136607__004_10162994385995745.jpg,balcony,train,5
train/balcony/1381673142221410_3118062718582435__002_1717750479402717.jpg,balcony,train,5
train/balcony/125793327613639_3043594712500138__002_1659339326198368.jpg,balcony,train,5
train/balcony/162570224559186_2201683080647880__008_27213822758215691.jpg,balcony,train,4
train/balcony/1658210834462300_4486484844968204__004_27600581029543238.jpg,balcony,train,5
train/balcony/1662194610917822_2396391147498161__008_10241895462903884.jpg,balcony,train,4
train/balcony/1697699190534876_3925427597762013__005_10164578365238770.jpg,balcony,train,3
train/balcony/1374467126144215_4390341171223447__004_1408764051059080.jpg,balcony,train,5
train/balcony/1302750086537790_4248331928646243__002_4445678509092941.jpg,balcony,train,3
train/balcony/1564067761059184_2157657361700218__005_2807518079591705.jpg,balcony,train,3
train/balcony/1624818081000281_3672844986197570__007_27177927195152180.jpg,balcony,train,3
train/balcony/1592420637729022_3955120948125634__001_3955120948125634.jpg,balcony,train,4
train/balcony/162570224559186_2198110414338480__008_967519856040835.jpg,balcony,train,4
train/balcony/1591401697779759_4240707412849161__002_10163841710213726.jpg,balcony,train,3
train/balcony/109471915759582_35950530187893634__002_10237632340920559.jpg,balcony,train,5
train/balcony/125793327613639_3044642455728697__005_10215633451145404.jpg,balcony,train,3
train/balcony/1569279603190851_26406607522364715__004_122127610587032508.jpg,balcony,train,3
train/balcony/1108280606220345_2679451262436597__011_10164153787566797.jpg,balcony,train,5
train/balcony/167401334126918_2019581922242174__002_122126720049159146.jpg,balcony,train,3
train/balcony/1394256424177525_4355675761368895__008_122168588354850325.jpg,balcony,train,4
train/balcony/1592420637729022_3961628627474866__001_3961628627474866.jpg,balcony,train,4
train/balcony/131650282168271_1339336384732982__001_1339336384732982.jpg,balcony,train,4
train/balcony/1444861819075775_4442874739274453__009_26705831715779099.jpg,balcony,train,5
train/balcony/1692162830827333_26856239240659678__006_1769033781086452.jpg,balcony,train,5
train/balcony/110907419268500_2722919531400596__002_10238662780601846.jpg,balcony,train,5
train/balcony/1100386826745670_27144826241875039__007_26759476533739536.jpg,balcony,train,4
train/balcony/1108280606220345_2682624182119305__001_2682624182119305.jpg,balcony,train,5
train/balcony/111163552234056_27872930308964007__001_27872930308964007.jpg,balcony,train,5
train/balcony/1100386826745670_27393551627002498__005_4339151809735405.jpg,balcony,train,5
train/balcony/1250686224969130_26807357775541957__003_26738127682513157.jpg,balcony,train,5
train/balcony/1374467126144215_4383107491946815__001_4383107491946815.jpg,balcony,train,4
train/balcony/1302750086537790_4252365034909599__002_122278024256080930.jpg,balcony,train,3
train/balcony/108387882545483_27059984563625783__003_10236561107340066.jpg,balcony,train,2
train/balcony/1369521363409648_2785191515175952__010_27713382154929571.jpg,balcony,train,5
train/balcony/128182133878732_27387073494229561__003_35390687223863209.jpg,balcony,train,3
train/balcony/1692162830827333_27020351357581798__004_3923753781253711.jpg,balcony,train,4
train/balcony/126295760730491_27814045528195475__001_1446862656756306.jpg,balcony,train,3
train/balcony/128182133878732_27406523248951252__001_27406523248951252.jpg,balcony,train,5
train/balcony/1692162830827333_27020553514228249__003_3423134814532702.jpg,balcony,train,4
train/balcony/111163552234056_27908436252080079__006_4186063931654079.jpg,balcony,train,5
train/balcony/1414853725269536_27049858651342358__005_2475948346152379.jpg,balcony,train,3
train/balcony/1381673142221410_3103404596714914__001_3103404596714914.jpg,balcony,train,4
train/balcony/1308193765888197_36056892320591565__001_36056892320591565.jpg,balcony,train,4
train/balcony/1250686224969130_26797300589881009__005_26967199729579514.jpg,balcony,train,2
train/balcony/1029345667543954_2389976884814152__005_27066624309644604.jpg,balcony,train,5
train/balcony/1485565508385836_4372509689691389__004_122161950128819325.jpg,balcony,train,4
train/balcony/1592420637729022_3959103937727335__003_2088685605041959.jpg,balcony,train,4
train/balcony/1302750086537790_4234433303369439__001_4234433303369439.jpg,balcony,train,5
train/balcony/1564067761059184_2155167581949196__003_2804676769875836.jpg,balcony,train,3
train/balcony/1424244737803677_4553374481557338__006_10174309225460125.jpg,balcony,train,4
train/balcony/1644120495892745_3946123809025724__002_10227288436231798.jpg,balcony,train,5
train/balcony/1308193765888197_35933716336242498__001_35933716336242498.jpg,balcony,train,5
train/balcony/111163552234056_27677197965203910__003_10162841020649492.jpg,balcony,train,4
train/balcony/1444861819075775_4437520186476575__005_26640823748946563.jpg,balcony,train,4
train/balcony/167401334126918_2018232735710426__002_27499347576323876.jpg,balcony,train,3
train/balcony/128182133878732_27423937347209842__006_1507130497771422.jpg,balcony,train,3
train/balcony/1446203822077011_27357240827213289__005_27034837576112638.jpg,balcony,train,5
train/balcony/1293017504164975_4095374940595870__010_28051037081149697.jpg,balcony,train,4
train/balcony/111163552234056_27869634535960251__005_3866809723454535.jpg,balcony,train,4
train/balcony/101875683484689_2900918343580395__002_122180448734794759.jpg,balcony,train,4
train/balcony/1624818081000281_3672828036199265__002_1552894523078435.jpg,balcony,train,4
train/balcony/1446203822077011_27348022524801786__007_10232712275844622.jpg,balcony,train,5
train/balcony/1592420637729022_3956244621346600__001_3956244621346600.jpg,balcony,train,3
train/balcony/128182133878732_27251958107741101__009_1826009785410161.jpg,balcony,train,4
train/balcony/1444861819075775_4428274830734444__010_26532525669776372.jpg,balcony,train,4
train/balcony/128182133878732_27243707541899491__004_1825221498822323.jpg,balcony,train,5
train/balcony/126295760730491_27914238968176130__002_10234405457459594.jpg,balcony,train,5
train/balcony/1302750086537790_4235582003254569__007_1470320524846137.jpg,balcony,train,4
train/balcony/1108280606220345_2681287005586356__004_26929131886740554.jpg,balcony,train,3
train/balcony/126295760730491_27935943352672358__001_27935943352672358.jpg,balcony,train,5
train/balcony/101875683484689_2900904230248473__004_10162990214380745.jpg,balcony,train,5
train/balcony/1578259502584829_2451820315228739__006_122183665790957697.jpg,balcony,train,3
train/balcony/1250686224969130_26912072988403768__004_27046483568281060.jpg,balcony,train,5
train/balcony/1444861819075775_4431872127041381__008_27867467189510122.jpg,balcony,train,4
train/balcony/1108075092683422_3628032174021022__005_10233794467423218.jpg,balcony,train,4
train/balcony/1592420637729022_3953699354934460__004_26868255226124438.jpg,balcony,train,3
train/balcony/133922880497171_2055337648355675__002_27801830222739823.jpg,balcony,train,5
train/balcony/1117824112816877_1661152811817335__001_1661152811817335.jpg,balcony,train,4
train/balcony/1308193765888197_36012192348394896__007_10232733159212729.jpg,balcony,train,4
train/balcony/1369521363409648_2774200352941735__009_35532102326404128.jpg,balcony,train,5
train/balcony/1444861819075775_4440876852807575__010_27347990818119675.jpg,balcony,train,5
train/balcony/1108075092683422_3617065861784320__008_1453440450130188.jpg,balcony,train,4
train/balcony/1692162830827333_26937608689189399__001_26937608689189399.jpg,balcony,train,3
train/balcony/1302750086537790_4241838642628905__006_26490664070629185.jpg,balcony,train,3
train/balcony/1333924010089214_3469822606499333__008_36563620786570618.jpg,balcony,train,5
train/balcony/1108280606220345_2685412371840486__005_26771844245758895.jpg,balcony,train,3
train/balcony/1388421434704191_4277098239169815__012_3418835401603859.jpg,balcony,train,4
train/balcony/167401334126918_2011094856424214__003_10214886143103742.jpg,balcony,train,4
train/balcony/1302750086537790_4250300708449365__002_122277674780080930.jpg,balcony,train,3
train/balcony/126295760730491_27836007599332601__004_27919402640982171.jpg,balcony,train,5
train/balcony/1574044329492258_4566138110282850__001_4566138110282850.jpg,balcony,train,4
train/balcony/1574044329492258_4562850050611656__011_122228470604319784.jpg,balcony,train,5
train/balcony/1100386826745670_27352588011098860__002_122173708574877159.jpg,balcony,train,4
train/balcony/125793327613639_3044528859073390__001_10238687188412479.jpg,balcony,train,4
train/balcony/1308193765888197_36061874936759970__006_27466229129641036.jpg,balcony,train,4
train/balcony/1480733602056021_26604511312584903__003_28050144084574794.jpg,balcony,train,3
train/balcony/1692162830827333_27031397856477148__005_3424206684425515.jpg,balcony,train,5
train/balcony/1692162830827333_26924257563857845__001_26924257563857845.jpg,balcony,train,5
train/balcony/137474916300778_26670775419210700__001_26670775419210700.jpg,balcony,train,4
train/balcony/1446203822077011_27352717994332239__006_122174234768937818.jpg,balcony,train,4
train/balcony/1029345667543954_2386039241874583__009_36249469634638203.jpg,balcony,train,4
train/balcony/1308193765888197_36032661406347990__004_27478388865134479.jpg,balcony,train,4
train/balcony/1624818081000281_3672847112864024__006_27177954571816109.jpg,balcony,train,4
train/balcony/151351752255977_2001065873951213__003_27823728123913913.jpg,balcony,train,3
train/balcony/151351752255977_2005810700143397__002_27897117499908308.jpg,balcony,train,4
train/balcony/1446203822077011_27392841500319888__001_2249362632135488.jpg,balcony,train,4
train/balcony/126295760730491_27835972492669445__007_10167852531138747.jpg,balcony,train,4
train/balcony/1302750086537790_4246365958842840__008_4444103179250474.jpg,balcony,train,4
train/balcony/167401334126918_2013439136189786__002_969726499301467.jpg,balcony,train,5
train/balcony/1446203822077011_27380811128189592__006_10239772351940255.jpg,balcony,train,3
train/balcony/1302750086537790_4239217152891054__003_26464183913277201.jpg,balcony,train,4
train/balcony/1029345667543954_2388542061624301__001_2388542061624301.jpg,balcony,train,4
train/balcony/137474916300778_26817145397907034__001_26817145397907034.jpg,balcony,train,3
train/balcony/1074129249328016_35650662287914604__002_26416255331403305.jpg,balcony,train,4
train/balcony/1175635132590303_3553598748127251__004_2426816877730726.jpg,balcony,train,5
train/balcony/1121082361306682_26873630975625134__003_122206877558787967.jpg,balcony,train,4
train/balcony/1121082361306682_26909251742063057__002_122178394400919866.jpg,balcony,train,4
train/balcony/126295760730491_28020537060879653__005_28041969028736354.jpg,balcony,train,4
train/balcony/1444861819075775_4444299369131990__005_27133539789574161.jpg,balcony,train,5
train/balcony/1444861819075775_4435684796660114__003_10238985449512715.jpg,balcony,train,4
train/balcony/1131541966889617_27026151153668677__010_36246264048292156.jpg,balcony,train,1
train/balcony/1308193765888197_36013103228303808__001_36013103228303808.jpg,balcony,train,5
train/balcony/1697699190534876_3925105181127588__007_3491399861026647.jpg,balcony,train,5
train/balcony/151351752255977_2007092790015188__003_27915520364734688.jpg,balcony,train,3
train/balcony/101875683484689_2905912326414330__004_27617723981153817.jpg,balcony,train,5
train/balcony/1492833544374932_4501902246801365__005_4318308158411510.jpg,balcony,train,5
train/balcony/1444861819075775_4437789236449670__005_1648301189740837.jpg,balcony,train,5
train/balcony/1029345667543954_2388663598278814__001_2388663598278814.jpg,balcony,train,5
train/balcony/151351752255977_1997442674313533__001_1997442674313533.jpg,balcony,train,3
train/balcony/101875683484689_2900163126989250__001_2900163126989250.jpg,balcony,train,3
train/balcony/1532036997126363_4254422888221080__001_4254422888221080.jpg,balcony,train,3
train/balcony/1175635132590303_3554356281384831__003_26382506138094405.jpg,balcony,train,4
train/balcony/1444861819075775_4430231000538827__008_10243330903548257.jpg,balcony,train,4
train/balcony/1108075092683422_3610477632443143__003_10231808370144413.jpg,balcony,train,3
train/balcony/1107364326101704_3275165569321558__001_3275165569321558.jpg,balcony,train,4
train/balcony/1308193765888197_36012519658362165__002_27315317298072659.jpg,balcony,train,4
train/balcony/1131541966889617_26927105126906614__005_1650488156026760.jpg,balcony,train,4
train/balcony/136756476866142_2179562835918819__005_26287193270979833.jpg,balcony,train,5
train/balcony/1374467126144215_4381558248768406__008_1521012353025535.jpg,balcony,train,5
train/balcony/1394256424177525_4364976807105457__007_873105809150440.jpg,balcony,train,4
train/balcony/1446203822077011_27314919008112138__002_883666114749077.jpg,balcony,train,2
train/balcony/1592420637729022_3959105054393890__008_10244023113621124.jpg,balcony,train,5
train/balcony/162570224559186_2189719225177599__008_26898484033082900.jpg,balcony,train,5
train/balcony/126295760730491_27803227815943913__003_1442979717569217.jpg,balcony,train,5
train/balcony/1692162830827333_26951549287795339__004_4407601439480574.jpg,balcony,train,4
train/balcony/1532036997126363_4252633478400021__007_10216622281427213.jpg,balcony,train,4
train/balcony/126295760730491_27823801940553167__004_10164230020964169.jpg,balcony,train,3
train/balcony/126295760730491_27815349201398441__006_10165269802521579.jpg,balcony,train,5
train/balcony/125793327613639_3044642455728697__003_10215633452745444.jpg,balcony,train,2
train/balcony/1592420637729022_3960505390920523__004_4301614533316265.jpg,balcony,train,5
train/balcony/133922880497171_2057653398124100__001_2057653398124100.jpg,balcony,train,4
train/balcony/1302750086537790_4253585964787506__003_10241669158734665.jpg,balcony,train,4
train/balcony/1175635132590303_3556706754483117__005_35643063048641769.jpg,balcony,train,5
train/balcony/1029345667543954_2388706674941173__005_27422514740666662.jpg,balcony,train,4
train/balcony/111163552234056_27788444720745900__006_10214898052481742.jpg,balcony,train,3
train/balcony/1108280606220345_2677652549283135__008_4046134535530916.jpg,balcony,train,3
train/balcony/151351752255977_1992774064780394__003_27705535955733131.jpg,balcony,train,3
train/balcony/137474916300778_26684026584552250__001_26684026584552250.jpg,balcony,train,4
train/balcony/1394256424177525_4368769683392836__005_26904427465856148.jpg,balcony,train,5
train/balcony/1302750086537790_4237468129732623__001_2717080845316033.jpg,balcony,train,5
train/balcony/126295760730491_27810876361845725__005_27894118243510611.jpg,balcony,train,5
train/balcony/1302750086537790_4236329143179855__005_1677051230295313.jpg,balcony,train,2
train/balcony/1697699190534876_3936089666695806__002_27232633786331038.jpg,balcony,train,5
train/balcony/1532036997126363_4256823224647713__002_10164167309294743.jpg,balcony,train,5
train/balcony/1564067761059184_2170552167077404__005_2822181421458704.jpg,balcony,train,4
train/balcony/1121082361306682_26865267933128105__001_26865267933128105.jpg,balcony,train,5
train/balcony/1374467126144215_4385364695054428__002_26972155419068017.jpg,balcony,train,5
train/balcony/128182133878732_27314971718106406__005_10163743155894933.jpg,balcony,train,5
train/balcony/167401334126918_2011150973085269__003_27390445627214072.jpg,balcony,train,4
train/balcony/1644120495892745_3950939268544178__004_27940971138823221.jpg,balcony,train,5
train/balcony/1692162830827333_26915448871405381__005_4404610983112953.jpg,balcony,train,4
train/balcony/140974480089370_2200456557474475__002_4074667889354719.jpg,balcony,train,5
train/balcony/1108280606220345_2680321442349579__007_1800006444490269.jpg,balcony,train,4
train/balcony/126295760730491_27908347145431979__001_27908347145431979.jpg,balcony,train,5
train/balcony/1532036997126363_4250050591991643__003_10164137836199743.jpg,balcony,train,4
train/balcony/1374467126144215_4393511547573076__001_4393511547573076.jpg,balcony,train,5
train/balcony/1480733602056021_26560464430322925__003_122228208056335752.jpg,balcony,train,5
train/balcony/1644120495892745_3942792332692205__007_27834703446116658.jpg,balcony,train,5
train/balcony/109471915759582_36204782975801686__008_10164188838252911.jpg,balcony,train,3
train/balcony/1424244737803677_4555149624713157__008_27611950471740249.jpg,balcony,train,5
train/balcony/1644120495892745_3953662734938498__003_992610406651519.jpg,balcony,train,4
train/balcony/125793327613639_3042544002605209__002_1658381246294176.jpg,balcony,train,3
train/balcony/162570224559186_2195706401245548__001_2195706401245548.jpg,balcony,train,5
train/balcony/125793327613639_3042469999279276__005_1588694966590561.jpg,balcony,train,4
train/balcony/1692162830827333_26813176214965981__002_1764988018157695.jpg,balcony,train,4
train/balcony/1374467126144215_4380411052216459__002_27142897355335893.jpg,balcony,train,5
train/balcony/167401334126918_2013632042837162__004_26821813074106027.jpg,balcony,train,4
train/balcony/1644120495892745_3950915541879884__001_3950915541879884.jpg,balcony,train,5
train/balcony/1446203822077011_27326587000278672__007_122275699346157046.jpg,balcony,train,5
train/balcony/1308193765888197_35957332170547581__001_35957332170547581.jpg,balcony,train,4
train/balcony/1121082361306682_26882423348079230__007_965291529576474.jpg,balcony,train,4
train/balcony/1333924010089214_3465436426937951__006_36477323561858462.jpg,balcony,train,4
train/balcony/131650282168271_1336958078304146__008_122170009808904798.jpg,balcony,train,4
train/balcony/1658210834462300_4478952529054769__002_1931596017494111.jpg,balcony,train,3
train/balcony/126295760730491_28018598307740195__004_28102687462653687.jpg,balcony,train,5
train/balcony/1446203822077011_27392054740398564__004_10237471636104823.jpg,balcony,train,5
train/balcony/1692162830827333_26951575277792740__001_26951575277792740.jpg,balcony,train,5
train/balcony/1592420637729022_3955142204790175__010_35891352500449860.jpg,balcony,train,3
train/balcony/1697699190534876_3926739834297456__004_3493450790821554.jpg,balcony,train,4
train/balcony/162570224559186_2201683080647880__004_27213820964882537.jpg,balcony,train,5
train/balcony/1108280606220345_2684184195296637__008_27315843598007848.jpg,balcony,train,5
train/balcony/128182133878732_27230339453236300__003_10237934029104376.jpg,balcony,train,5
train/balcony/1692162830827333_26843125121971090__002_2464508850644979.jpg,balcony,train,4
train/balcony/1564067761059184_2167065250759429__003_2818238091853037.jpg,balcony,train,3
train/balcony/128182133878732_27428641250072785__004_10240790663761261.jpg,balcony,train,4
train/balcony/128182133878732_27437716995831877__004_36479630201635567.jpg,balcony,train,4
train/balcony/132807117125395_2265516037187815__003_2057618095167275.jpg,balcony,train,2
train/balcony/1108075092683422_3610477632443143__004_10231808371304442.jpg,balcony,train,3
train/balcony/1574044329492258_4570089523221042__005_10162267943706470.jpg,balcony,train,4
train/balcony/1381673142221410_3113281505727223__003_1714110033100095.jpg,balcony,train,3
train/balcony/125793327613639_3042469999279276__002_1588694866590571.jpg,balcony,train,4
train/balcony/1250686224969130_26863667826577618__006_122189056154801796.jpg,balcony,train,5
train/balcony/1658210834462300_4483516978598324__005_2774966809506984.jpg,balcony,train,3
train/balcony/1446203822077011_27369958589274846__002_887232351059120.jpg,balcony,train,2
train/balcony/167401334126918_2014723456061354__011_26837144079239593.jpg,balcony,train,4
train/balcony/1374467126144215_4391920211065543__001_1004724128736254.jpg,balcony,train,4
train/balcony/167401334126918_2016533305880369__011_10214491032825262.jpg,balcony,train,5
train/balcony/1131541966889617_26923687563915037__009_36050920777826485.jpg,balcony,train,1
train/balcony/1374467126144215_4390988744492023__003_10239466543616974.jpg,balcony,train,5
train/balcony/162570224559186_2191100601706128__001_2191100601706128.jpg,balcony,train,3
train/balcony/1592420637729022_3953758228261906__003_4325878404291763.jpg,balcony,train,5
train/balcony/1446203822077011_27367808969489808__007_4561383067440766.jpg,balcony,train,4
train/balcony/1308193765888197_36083998921214238__003_10163206841299403.jpg,balcony,train,5
train/balcony/1592420637729022_3953783801592682__002_10243951600513341.jpg,balcony,train,3
train/balcony/1564067761059184_2158622161603738__001_2158622161603738.jpg,balcony,train,4
train/balcony/126295760730491_27883315387935155__001_1662773981710685.jpg,balcony,train,3
train/balcony/1308193765888197_35932942122986586__005_10233911407555509.jpg,balcony,train,3
train/balcony/1302750086537790_4234816773331092__003_1676082973725472.jpg,balcony,train,4
train/balcony/1444861819075775_4440801206148473__003_26890755303907503.jpg,balcony,train,5
train/balcony/108387882545483_27135565716067667__001_27135565716067667.jpg,balcony,train,5
train/balcony/1569279603190851_26405908132434654__003_122110895145215056.jpg,balcony,train,4
train/balcony/115046608513246_35969750315949421__007_1587025952395061.jpg,balcony,train,5
train/balcony/131650282168271_1326872642646023__003_10164304290764429.jpg,balcony,train,4
train/balcony/1692162830827333_26998981233052144__004_1655628855672576.jpg,balcony,train,5
train/balcony/167401334126918_2013052296228470__002_10165205083902028.jpg,balcony,train,5
train/balcony/136756476866142_2179087959299640__002_10242475435801224.jpg,balcony,train,5
train/balcony/111163552234056_27707569232166783__006_10164690363565833.jpg,balcony,train,4
train/balcony/1644120495892745_3958400307798074__003_996867926225767.jpg,balcony,train,4
train/balcony/1374467126144215_4390279167896314__002_1018328770709123.jpg,balcony,train,4
train/balcony/1302750086537790_4249005695245533__005_10162121006070916.jpg,balcony,val,4
train/balcony/1569279603190851_26454842257541241__010_10244380125984573.jpg,balcony,val,5
train/balcony/1569279603190851_26549019458123520__004_10244500325869495.jpg,balcony,val,5
train/balcony/108387882545483_27014395391518034__001_27014395391518034.jpg,balcony,val,4
train/balcony/1409711522615858_4199224266997889__003_26134256546247439.jpg,balcony,val,3
train/balcony/1509783812615243_4389946711265591__002_1650431197090747.jpg,balcony,val,5
train/balcony/1578259502584829_2453381515072619__011_10233745280520365.jpg,balcony,val,4
train/balcony/131650282168271_1326655906001030__003_122122822029225802.jpg,balcony,val,3
train/balcony/1100386826745670_27172850182405978__007_26787562910930898.jpg,balcony,val,4
train/balcony/1414853725269536_26888226884172203__010_2564263547362763.jpg,balcony,val,5
train/balcony/1381673142221410_3104303109958396__005_1706704583840640.jpg,balcony,val,4
train/balcony/1308193765888197_36037336492547148__001_36037336492547148.jpg,balcony,val,3
train/balcony/167401334126918_2017868262413540__008_26886477487639585.jpg,balcony,val,3
train/balcony/1333924010089214_3469858663162394__007_2754266601588885.jpg,balcony,val,5
train/balcony/1692162830827333_26856545383962397__002_1555718239897937.jpg,balcony,val,4
train/balcony/1509783812615243_4389304484663147__004_1567002178768593.jpg,balcony,val,5
train/balcony/1029345667543954_2391440404667800__004_1559053149563481.jpg,balcony,val,4
train/balcony/1374467126144215_4385299145060983__001_4385299145060983.jpg,balcony,val,5
train/balcony/1369521363409648_2774406922921078__011_2505656443184116.jpg,balcony,val,3
train/balcony/140974480089370_2198683624318435__005_1774460270602334.jpg,balcony,val,5
train/balcony/109632911025009_1234355768552712__010_10163518754818171.jpg,balcony,val,3
train/balcony/109471915759582_36012175568395762__010_35510973651850772.jpg,balcony,val,3
train/balcony/110907419268500_2725125861179963__006_27321324314137853.jpg,balcony,val,5
train/balcony/1446203822077011_27381767881427250__002_888045194311169.jpg,balcony,val,2
train/balcony/1658210834462300_4481491238800898__002_10164558774632417.jpg,balcony,val,5
train/balcony/136756476866142_2186248531916916__008_4046120865532283.jpg,balcony,val,3
train/balcony/137474916300778_26844651831823057__003_1009790804912625.jpg,balcony,val,4
train/balcony/1121082361306682_26872449599076605__001_26872449599076605.jpg,balcony,val,5
train/balcony/1492833544374932_4495447654113491__007_27748170934770635.jpg,balcony,val,4
train/balcony/1100386826745670_27144826241875039__006_26759476453739544.jpg,balcony,val,4
train/balcony/1308193765888197_36044818038465660__002_10162848929278365.jpg,balcony,val,5
train/balcony/1592420637729022_3948685692102493__003_26590021020608792.jpg,balcony,val,5
train/balcony/1383397445076108_26980174444971723__007_1019540307530581.jpg,balcony,val,5
train/balcony/1308193765888197_36034892302791567__004_10233958602455352.jpg,balcony,val,5
train/balcony/133922880497171_2058719181350855__004_10241975746706957.jpg,balcony,val,3
train/balcony/1624818081000281_3672903792858356__010_27120806474179881.jpg,balcony,val,5
train/balcony/1302750086537790_4233974883415281__002_965732342503465.jpg,balcony,val,2
train/balcony/1592420637729022_3960647864239609__007_992889926808879.jpg,balcony,val,4
train/balcony/137474916300778_26747978594823715__005_27151530184441816.jpg,balcony,val,3
train/balcony/1369521363409648_2774200352941735__007_35532102303070797.jpg,balcony,val,5
train/bathroom/1302750086537790_4247814792031290__007_974172461993197.jpg,bathroom,train,3
train/bathroom/1574044329492258_4567779080118753__010_10239426822601250.jpg,bathroom,train,2
train/bathroom/1131362134634837_1598648441239535__001_1598648441239535.jpg,bathroom,train,3
train/bathroom/1308193765888197_35726974736916660__006_1465409658720675.jpg,bathroom,train,3
train/bathroom/1591401697779759_4234997040086865__007_4260447180833790.jpg,bathroom,train,3
train/bathroom/1424244737803677_4560372057524247__005_10165529986475449.jpg,bathroom,train,2
train/bathroom/1394256424177525_4360736334196171__002_122181959006868694.jpg,bathroom,train,3
train/bathroom/155513625152539_1917815022255715__004_4367778853551880.jpg,bathroom,train,1
train/bathroom/101875683484689_2906444179694478__005_27157308617197165.jpg,bathroom,train,2
train/bathroom/1697699190534876_3926895927615180__004_27595727123362701.jpg,bathroom,train,2
train/bathroom/1592420637729022_3955142204790175__009_35891351497116627.jpg,bathroom,train,2
train/bathroom/1446203822077011_27299089773028395__002_122161395524819325.jpg,bathroom,train,2
train/bathroom/133922880497171_2056851074870999__011_27760885150180381.jpg,bathroom,train,4
train/bathroom/131650282168271_1327526049247349__005_10241906995481662.jpg,bathroom,train,4
train/bathroom/1302750086537790_4234958789983557__007_1676167687050334.jpg,bathroom,train,2
train/bathroom/1394256424177525_4367756513494153__004_1572196487802082.jpg,bathroom,train,1
train/bathroom/167401334126918_2013632042837162__007_26821813080772693.jpg,bathroom,train,3
train/bathroom/1692162830827333_26920488507568084__007_2528575074274349.jpg,bathroom,train,1
train/bathroom/1374467126144215_4385299145060983__005_10174219301080111.jpg,bathroom,train,3
train/bathroom/1564067761059184_2170559503743337__009_10243396267505713.jpg,bathroom,train,3
train/bathroom/1333924010089214_3463228170492110__002_4369120896740773.jpg,bathroom,train,1
train/bathroom/1302750086537790_4246170298862406__002_4444002919260500.jpg,bathroom,train,3
train/bathroom/1302750086537790_4234945056651597__008_1146991045154641.jpg,bathroom,train,3
train/bathroom/1424244737803677_4553040101590776__003_26854874087535612.jpg,bathroom,train,2
train/bathroom/110907419268500_2728991314126751__004_10164272985074334.jpg,bathroom,train,3
train/bathroom/1108075092683422_3619756294848610__008_1002713662276699.jpg,bathroom,train,2
train/bathroom/1644120495892745_3942630019375103__005_10215067336993552.jpg,bathroom,train,2
train/bathroom/101875683484689_2902004916805071__003_10164434011912552.jpg,bathroom,train,1
train/bathroom/1175635132590303_3556491267837999__011_26887601630891652.jpg,bathroom,train,1
train/bathroom/101875683484689_2908291652843064__004_10164238593604417.jpg,bathroom,train,2
train/bathroom/1374467126144215_4387253951532169__009_10163610915313301.jpg,bathroom,train,4
train/bathroom/167401334126918_2018938615639838__005_2462312930856857.jpg,bathroom,train,2
train/bathroom/133922880497171_2055328018356638__007_122337577850011566.jpg,bathroom,train,3
train/bathroom/151351752255977_1991704401554027__003_27338340422417527.jpg,bathroom,train,1
train/bathroom/1592420637729022_3952058278431901__006_35439081612373063.jpg,bathroom,train,3
train/bathroom/1308193765888197_35962483203365811__006_10242965888587069.jpg,bathroom,train,4
train/bathroom/1308193765888197_36033604786253652__006_10164594416676221.jpg,bathroom,train,3
train/bathroom/1383397445076108_26945575785098256__006_3463320410493030.jpg,bathroom,train,4
train/bathroom/126295760730491_27978723861727640__010_10238950258268929.jpg,bathroom,train,1
train/bathroom/110907419268500_2723851684640714__003_950382094655225.jpg,bathroom,train,2
train/bathroom/1644120495892745_3941054599532645__003_10164616335698701.jpg,bathroom,train,4
train/bathroom/1665284003691199_4452628171623421__005_3535466143272169.jpg,bathroom,train,4
train/bathroom/1302750086537790_4253822528097183__008_122210463296352300.jpg,bathroom,train,3
train/bathroom/1308193765888197_35957332170547581__004_10242349882906123.jpg,bathroom,train,2
train/bathroom/1424244737803677_4565907986970654__006_2087405195324777.jpg,bathroom,train,2
train/bathroom/1642748915985540_4339859826274422__005_10233616611703725.jpg,bathroom,train,3
train/bathroom/1624818081000281_3672754549539947__005_27135605696033813.jpg,bathroom,train,2
train/bathroom/1658210834462300_4474998649450157__005_26130699706607809.jpg,bathroom,train,3
train/bathroom/1644120495892745_3942469239391181__009_3600443860109282.jpg,bathroom,train,3
train/bathroom/1692162830827333_26855086227441646__005_4399608456946539.jpg,bathroom,train,3
train/bathroom/108387882545483_27067861992838040__011_4358449634484802.jpg,bathroom,train,4
train/bathroom/109471915759582_36189635883983062__009_27284419647829419.jpg,bathroom,train,2
train/bathroom/1409711522615858_4199170760336573__003_10234428592396824.jpg,bathroom,train,3
train/bathroom/101875683484689_2900380296967533__004_10163934759311698.jpg,bathroom,train,3
train/bathroom/1108075092683422_3626551204169119__005_10163065110930823.jpg,bathroom,train,5
train/bathroom/1624818081000281_3672828036199265__006_1552894486411772.jpg,bathroom,train,4
train/bathroom/1692162830827333_27029430983340502__008_26980413628242071.jpg,bathroom,train,5
train/bathroom/1697699190534876_3934639883507451__008_27696039343331478.jpg,bathroom,train,3
train/bathroom/1480733602056021_26598908193145215__003_122120894577241988.jpg,bathroom,train,3
train/bathroom/111163552234056_27807044472219258__010_34868713732727270.jpg,bathroom,train,3
train/bathroom/1108075092683422_3618665478291025__005_10163065110930823.jpg,bathroom,train,5
train/bathroom/109471915759582_35908494638763856__010_27013435935014103.jpg,bathroom,train,3
train/bathroom/1108280606220345_2682244665490590__004_122108837168782742.jpg,bathroom,train,3
train/bathroom/128182133878732_27322551780681733__009_10242846696087784.jpg,bathroom,train,3
train/bathroom/1108075092683422_3611348052356101__007_1646545079928380.jpg,bathroom,train,2
train/bathroom/131650282168271_1337991044867516__001_1337991044867516.jpg,bathroom,train,2
train/bathroom/1109406492459598_27144454761861415__004_2375976679546376.jpg,bathroom,train,1
train/bathroom/1665284003691199_4453371234882448__005_27213657514917886.jpg,bathroom,train,3
train/bathroom/1414853725269536_27086755097652713__005_10239896355202194.jpg,bathroom,train,4
train/bathroom/1108075092683422_3610925029065070__007_1642544290301145.jpg,bathroom,train,3
train/bathroom/110907419268500_2729470067412209__004_122120865639241988.jpg,bathroom,train,3
train/bathroom/1697699190534876_3926971474274292__006_967919736051044.jpg,bathroom,train,1
train/bathroom/1692162830827333_26813243231625946__010_35371902639120251.jpg,bathroom,train,3
train/bathroom/131650282168271_1326403812692906__006_122134255671205308.jpg,bathroom,train,3
train/bathroom/167401334126918_2011088456424854__006_27389634937295141.jpg,bathroom,train,3
train/bathroom/1374467126144215_4385302838393947__005_10164072938099356.jpg,bathroom,train,3
train/bathroom/1446203822077011_27352717994332239__011_122174235038937818.jpg,bathroom,train,1
train/bathroom/1424244737803677_4549657578595695__008_10240343452300594.jpg,bathroom,train,2
train/bathroom/1591401697779759_4240891769497392__003_10226254460746759.jpg,bathroom,train,2
train/bathroom/1308193765888197_36085719444375519__007_10162855440623365.jpg,bathroom,train,4
train/bathroom/1697699190534876_3925911441046962__006_941863078609659.jpg,bathroom,train,3
train/bathroom/109471915759582_36011729531773699__005_10164131968344704.jpg,bathroom,train,4
train/bathroom/101875683484689_2904845769854319__007_10242715296399039.jpg,bathroom,train,2
train/bathroom/1250686224969130_26925456707065396__003_846418377985716.jpg,bathroom,train,1
train/bathroom/101875683484689_2907898829549013__005_1780442889784571.jpg,bathroom,train,2
train/bathroom/101875683484689_2905293263142903__012_27751044091150433.jpg,bathroom,train,3
train/bathroom/128182133878732_27347624054841172__008_1625068235386979.jpg,bathroom,train,3
train/bathroom/132807117125395_2258153781257374__008_122124833355154279.jpg,bathroom,train,1
train/bathroom/1302750086537790_4234851393327630__008_10164119804748116.jpg,bathroom,train,3
train/bathroom/1664792386922491_26600321732942878__002_26932502613011392.jpg,bathroom,train,3
train/bathroom/167401334126918_2011295133070853__005_27392268287031806.jpg,bathroom,train,1
train/bathroom/1446203822077011_27360957506841621__004_122161802066819325.jpg,bathroom,train,3
train/bathroom/1414853725269536_26977841368544087__006_27024154303863859.jpg,bathroom,train,2
train/bathroom/108387882545483_27038824715741768__003_122284242782035022.jpg,bathroom,train,2
train/bathroom/1424244737803677_4550598148501638__002_10164071338889393.jpg,bathroom,train,5
train/bathroom/133922880497171_2060425504513556__001_3685003978326230.jpg,bathroom,train,3
train/bathroom/131650282168271_1331561865510434__002_27481950361396670.jpg,bathroom,train,2
train/bathroom/1409711522615858_4214988365421479__010_26976714178611761.jpg,bathroom,train,1
train/bathroom/1644120495892745_3943043589333746__004_26719793694347726.jpg,bathroom,train,2
train/bathroom/1029345667543954_2391672317977942__009_28195948186659430.jpg,bathroom,train,3
train/bathroom/1664792386922491_26600341619607556__001_26600341619607556.jpg,bathroom,train,2
train/bathroom/1175635132590303_3556491267837999__009_26887601634224985.jpg,bathroom,train,3
train/bathroom/1592420637729022_3960045274299868__008_10164906606898010.jpg,bathroom,train,2
train/bathroom/1383397445076108_26877293628593139__006_1503856794866522.jpg,bathroom,train,4
train/bathroom/1333924010089214_3468142603334000__004_36538544855736332.jpg,bathroom,train,3
train/bathroom/109471915759582_36066605506286101__006_1023472897321742.jpg,bathroom,train,2
train/bathroom/1509783812615243_4390050294588566__002_1619492182481680.jpg,bathroom,train,2
train/bathroom/1692162830827333_26956417917308476__006_1705188773988610.jpg,bathroom,train,1
train/bathroom/1446203822077011_27303205042616868__007_10244448028682044.jpg,bathroom,train,2
train/bathroom/1121067317909873_27815255478064361__004_36217656901152846.jpg,bathroom,train,2
train/bathroom/140974480089370_2198765554310242__005_1416662610502131.jpg,bathroom,train,3
train/bathroom/1109406492459598_27161395000167391__005_3305107346329320.jpg,bathroom,train,3
train/bathroom/1446203822077011_27367374919533213__009_10239758054462827.jpg,bathroom,train,3
train/bathroom/101875683484689_2905293263142903__010_27751044121150430.jpg,bathroom,train,3
train/bathroom/1644120495892745_3942550312716407__008_35332347343078545.jpg,bathroom,train,3
train/bathroom/110907419268500_2731723410520208__001_2731723410520208.jpg,bathroom,train,4
train/bathroom/1697699190534876_3926068667697906__006_27585585584376855.jpg,bathroom,train,1
train/bathroom/101875683484689_2905313139807582__003_10241546252780658.jpg,bathroom,train,2
train/bathroom/1308193765888197_35938409089106556__004_1576352391162565.jpg,bathroom,train,3
train/bathroom/1409711522615858_4201387803448202__007_2085363109062225.jpg,bathroom,train,1
train/bathroom/1446203822077011_27390426173894754__003_888549750927380.jpg,bathroom,train,3
train/bathroom/1592420637729022_3955004188137310__005_1685005303634014.jpg,bathroom,train,1
train/bathroom/125793327613639_3041142206078722__004_122229522692304015.jpg,bathroom,train,3
train/bathroom/133922880497171_2059851104570996__006_122138904117127625.jpg,bathroom,train,2
train/bathroom/111163552234056_27844021078521597__010_4181198335473972.jpg,bathroom,train,3
train/bathroom/151351752255977_2000994567291677__003_27822670247353034.jpg,bathroom,train,3
train/bathroom/128182133878732_27220442920892620__005_27967587436164694.jpg,bathroom,train,4
train/bathroom/1293017504164975_4093621420771222__004_27441510598767320.jpg,bathroom,train,3
train/bathroom/1692162830827333_26916952474588354__008_1650249479543847.jpg,bathroom,train,3
train/bathroom/1302750086537790_4244805945665508__003_1587500822941121.jpg,bathroom,train,1
train/bathroom/109471915759582_36012767248336594__003_27248222354772816.jpg,bathroom,train,2
train/bathroom/1250686224969130_26802094269401641__003_27266713216260071.jpg,bathroom,train,2
train/bathroom/1624818081000281_3672840932864642__008_1552911299743424.jpg,bathroom,train,2
train/bathroom/131650282168271_1339422288057725__008_122138868591205308.jpg,bathroom,train,2
train/bathroom/1424244737803677_4557133231181463__004_10234195001796028.jpg,bathroom,train,2
train/bathroom/162570224559186_2189320875217434__004_2681110338912163.jpg,bathroom,train,2
train/bathroom/1424244737803677_4565801596981293__006_27953549814232939.jpg,bathroom,train,2
train/bathroom/1369521363409648_2779585305736573__004_2574473696341748.jpg,bathroom,train,3
train/bathroom/1591401697779759_4250687125184523__002_10232012605993251.jpg,bathroom,train,5
train/bathroom/1697699190534876_3926739454297494__006_3493450354154931.jpg,bathroom,train,3
train/bathroom/1578259502584829_2455863491491088__007_1820366402268676.jpg,bathroom,train,2
train/bathroom/101875683484689_2900895600249336__008_2207011090050834.jpg,bathroom,train,3
train/bathroom/1424244737803677_4553094911585295__001_4553094911585295.jpg,bathroom,train,4
train/bathroom/167401334126918_2013579782842388__006_2456558258098991.jpg,bathroom,train,2
train/bathroom/1692162830827333_27048617651421835__010_10164171332873818.jpg,bathroom,train,3
train/bathroom/1108280606220345_2678672259181164__003_10234809324035006.jpg,bathroom,train,4
train/bathroom/167401334126918_2019869718880061__006_26916337604653573.jpg,bathroom,train,3
train/bathroom/141600959022510_825367767312489__006_122248361300263139.jpg,bathroom,train,3
train/bathroom/1578259502584829_2451591101918327__005_1604568548341333.jpg,bathroom,train,2
train/bathroom/1108280606220345_2679830639065326__011_26692297513725013.jpg,bathroom,train,3
train/bathroom/1446203822077011_27303426759261363__004_122164734536693368.jpg,bathroom,train,4
train/bathroom/1414853725269536_26966522253009332__007_10164434218799456.jpg,bathroom,train,1
train/bathroom/128182133878732_27297636269839951__004_1637967923921555.jpg,bathroom,train,1
train/bathroom/1697699190534876_3924201611217945__007_10225299253786875.jpg,bathroom,train,2
train/bathroom/126295760730491_27783820364551325__005_10241210298742130.jpg,bathroom,train,1
train/bathroom/115046608513246_36098981689692949__009_2310785903088237.jpg,bathroom,train,4
train/bathroom/1381673142221410_3107078269680880__003_1708994006945031.jpg,bathroom,train,2
train/bathroom/1591401697779759_4252315805021655__006_26327875760224047.jpg,bathroom,train,3
train/bathroom/1414853725269536_27094842870177269__005_36980596394872815.jpg,bathroom,train,2
train/bathroom/1624818081000281_3672847112864024__005_27177954578482775.jpg,bathroom,train,4
train/bathroom/1578259502584829_2451450518599052__005_27324864503810373.jpg,bathroom,train,3
train/bathroom/101875683484689_2900303130308583__007_10244386484703994.jpg,bathroom,train,1
train/bathroom/1409711522615858_4217827828470866__007_3468335853343896.jpg,bathroom,train,3
train/bathroom/1217685598598161_2790188161347889__005_966424506282876.jpg,bathroom,train,2
train/bathroom/1644120495892745_3947354158902689__007_988490403569679.jpg,bathroom,train,2
train/bathroom/167401334126918_2011038846429815__004_10215901859817027.jpg,bathroom,train,3
train/bathroom/167401334126918_2011099189757114__008_26784144217872913.jpg,bathroom,train,3
train/bathroom/1697699190534876_3930434867261286__004_946082678187699.jpg,bathroom,train,3
train/bathroom/1383397445076108_26857251470597355__012_1476749523932124.jpg,bathroom,train,1
train/bathroom/1302750086537790_4248999948579441__006_10162120982830916.jpg,bathroom,train,4
train/bathroom/1578259502584829_2458028537941250__006_1611398657658322.jpg,bathroom,train,1
train/bathroom/1633400986898549_4349961728575781__002_975158328260973.jpg,bathroom,train,2
train/bathroom/1624818081000281_3672922252856510__007_943883778663742.jpg,bathroom,train,1
train/bathroom/1644120495892745_3945203775784394__008_10164028559131168.jpg,bathroom,train,2
train/bathroom/1592420637729022_3954848758152853__002_1490649492561900.jpg,bathroom,train,3
train/bathroom/1087635731246729_27288649900718621__003_10237295312097191.jpg,bathroom,train,2
train/bathroom/1250686224969130_26798153263129075__005_1014540387941684.jpg,bathroom,train,4
train/bathroom/1591401697779759_4238720989714470__009_4264376487107526.jpg,bathroom,train,3
train/bathroom/1108075092683422_3618884481602458__008_10231893814920479.jpg,bathroom,train,1
train/bathroom/1692162830827333_26810667645216838__011_2461783457584185.jpg,bathroom,train,2
train/bathroom/140974480089370_2200510287469102__008_27389124544013962.jpg,bathroom,train,3
train/bathroom/162570224559186_2200696204079901__006_27849775787943295.jpg,bathroom,train,1
train/bathroom/131650282168271_1336391545027466__006_35596412866670917.jpg,bathroom,train,1
train/bathroom/1446203822077011_27371309485806423__006_122241811886268693.jpg,bathroom,train,3
train/bathroom/1692162830827333_26943974235219511__005_26412630071771446.jpg,bathroom,train,1
train/bathroom/1108280606220345_2680530195662037__008_122168312810848572.jpg,bathroom,train,3
train/bathroom/109471915759582_35965705609709425__006_27133088056286749.jpg,bathroom,train,4
train/bathroom/1108280606220345_2678395762542147__004_122108837168782742.jpg,bathroom,train,3
train/bathroom/110907419268500_2729607264065156__004_26864707353181742.jpg,bathroom,train,2
train/bathroom/109471915759582_36081702938109691__004_10164144623744704.jpg,bathroom,train,1
train/bathroom/1121067317909873_27802284789361430__005_28058757473711836.jpg,bathroom,train,3
train/bathroom/1374467126144215_4384236835167214__008_10238307873410943.jpg,bathroom,train,3
train/bathroom/1308193765888197_35918009904479808__003_10241601985935387.jpg,bathroom,train,3
train/bathroom/1029345667543954_2391266988018475__006_122170519136908145.jpg,bathroom,train,3
train/bathroom/1369521363409648_2785873011774469__005_2516670882082672.jpg,bathroom,train,1
train/bathroom/128182133878732_27242654992004746__004_1558683636267998.jpg,bathroom,train,3
train/bathroom/1697699190534876_3928082314163208__008_2915948911946207.jpg,bathroom,train,2
train/bathroom/125793327613639_3039781219548154__010_35519170537698045.jpg,bathroom,train,2
train/bathroom/128182133878732_27242722655331313__004_1283486817095451.jpg,bathroom,train,4
train/bathroom/1697699190534876_3928164214155018__006_2769109416791966.jpg,bathroom,train,3
train/bathroom/110907419268500_2730460733979809__004_3545286662287155.jpg,bathroom,train,1
train/bathroom/1424244737803677_4564601110434675__009_10241652473909526.jpg,bathroom,train,3
train/bathroom/1409711522615858_4214988365421479__001_4214988365421479.jpg,bathroom,train,1
train/bathroom/131650282168271_1329102682423019__010_969863869189964.jpg,bathroom,train,3
train/bathroom/1121067317909873_27780548964868346__001_27780548964868346.jpg,bathroom,train,2
train/bathroom/1027538324098306_3229195187265931__005_1761714008128584.jpg,bathroom,train,3
train/bathroom/1564067761059184_2155142311951723__008_10164126808918560.jpg,bathroom,train,2
train/bathroom/162570224559186_2190573848425470__005_27261192060133039.jpg,bathroom,train,3
train/bathroom/128182133878732_27335018446101733__010_1624253898801746.jpg,bathroom,train,3
train/bathroom/1578259502584829_2457199851357452__006_995812696742229.jpg,bathroom,train,3
train/bathroom/1424244737803677_4565909496970503__005_27427226610195648.jpg,bathroom,train,1
train/bathroom/1658210834462300_4486069505009738__008_2146975886150294.jpg,bathroom,train,3
train/bathroom/1308193765888197_36035024992778298__003_27205203855739616.jpg,bathroom,train,4
train/bathroom/110907419268500_2724847074541175__004_3538551116294043.jpg,bathroom,train,1
train/bathroom/1446203822077011_27324868807117158__003_122275678358157046.jpg,bathroom,train,2
train/bathroom/167401334126918_2019873695546330__006_26916394937981173.jpg,bathroom,train,2
train/bathroom/128182133878732_27256126077324304__004_2948080118876817.jpg,bathroom,train,4
train/bathroom/1492833544374932_4500444616947128__005_27280074978243550.jpg,bathroom,train,4
train/bathroom/128182133878732_27296684916601753__006_10240653663576342.jpg,bathroom,train,4
train/bathroom/110907419268500_2729551694070713__006_2043004866573499.jpg,bathroom,train,2
train/bathroom/101875683484689_2900026803669549__005_10237955185191007.jpg,bathroom,train,2
train/bathroom/162570224559186_2203492860466902__004_10242681853692642.jpg,bathroom,train,3
train/bathroom/1485565508385836_4356383627970662__005_881730584932523.jpg,bathroom,train,2
train/bathroom/162570224559186_2188968248586030__008_1265980162355543.jpg,bathroom,train,3
train/bathroom/126295760730491_27822482877351740__009_10238795925370703.jpg,bathroom,train,2
train/bathroom/1444861819075775_4430231000538827__006_10243330902508231.jpg,bathroom,train,2
train/bathroom/126295760730491_27813691634897531__003_10163203817447473.jpg,bathroom,train,3
train/bathroom/125793327613639_3043441122515497__007_2155745135270381.jpg,bathroom,train,2
train/bathroom/128182133878732_27437716995831877__011_36479630798302174.jpg,bathroom,train,3
train/bathroom/1108075092683422_3625410414283198__008_1006956611852404.jpg,bathroom,train,2
train/bathroom/125793327613639_3044444165748526__005_4239502356193268.jpg,bathroom,train,3
train/bathroom/101875683484689_2900018717003691__005_2853942188274086.jpg,bathroom,train,3
train/bathroom/1592420637729022_3948557912115271__003_26526053297023031.jpg,bathroom,train,3
train/bathroom/1131541966889617_26877692251847902__004_27790034613929688.jpg,bathroom,train,3
train/bathroom/1444861819075775_4436730329888894__002_122268740102163000.jpg,bathroom,train,3
train/bathroom/1108075092683422_3610925029065070__008_1642546606967580.jpg,bathroom,train,1
train/bathroom/1592420637729022_3962437700727292__004_1911180966254181.jpg,bathroom,train,1
train/bathroom/1333924010089214_3462179140597013__009_36607287962204071.jpg,bathroom,train,3
train/bathroom/110907419268500_2731299117229304__008_2213425832727369.jpg,bathroom,train,2
train/bathroom/131650282168271_1325811666085454__005_10214934818681395.jpg,bathroom,train,3
train/bathroom/133922880497171_2058610354695071__002_10241974459194770.jpg,bathroom,train,3
train/bathroom/1446203822077011_27353418197595552__003_886005814515107.jpg,bathroom,train,3
train/bathroom/109471915759582_36215783264701657__007_27298387623099288.jpg,bathroom,train,3
train/bathroom/1697699190534876_3926085401029566__004_1717469032606300.jpg,bathroom,train,2
train/bathroom/1302750086537790_4238478152964954__001_4238478152964954.jpg,bathroom,train,1
train/bathroom/132807117125395_2254880311584721__010_27013629854994711.jpg,bathroom,train,3
train/bathroom/1108280606220345_2679821825732874__004_3038356673026545.jpg,bathroom,train,3
train/bathroom/140974480089370_2200253570828107__005_4370351469906315.jpg,bathroom,train,4
train/bathroom/167401334126918_2013164432883923__004_2486728358457195.jpg,bathroom,train,3
train/bathroom/1308193765888197_35911086511838814__006_2431604507307743.jpg,bathroom,train,4
train/bathroom/125793327613639_3041385916054351__004_26665553233147336.jpg,bathroom,train,3
train/bathroom/1591401697779759_4248419538744615__003_27748126788122884.jpg,bathroom,train,3
train/bathroom/1591401697779759_4247500855503150__006_2751333828576920.jpg,bathroom,train,2
train/bathroom/109471915759582_36069191362694182__004_2059585931681969.jpg,bathroom,train,1
train/bathroom/1250686224969130_26791127270498341__007_3494901233997106.jpg,bathroom,train,3
train/bathroom/131650282168271_1329711072362180__008_10163227924823579.jpg,bathroom,train,4
train/bathroom/155513625152539_1910441649659719__006_4358498497813249.jpg,bathroom,train,4
train/bathroom/1697699190534876_3928624340775672__006_122135579403205651.jpg,bathroom,train,4
train/bathroom/1697699190534876_3925975097707263__007_3492485360918097.jpg,bathroom,train,3
train/bathroom/1383397445076108_26985458524443315__006_35693657883613081.jpg,bathroom,train,1
train/bathroom/1485565508385836_4369695236639501__006_10234585208839597.jpg,bathroom,train,1
train/bathroom/101875683484689_2905947236410839__003_10164666637028538.jpg,bathroom,train,3
train/bathroom/131650282168271_1326900865976534__004_2668315063569255.jpg,bathroom,train,3
train/bathroom/1633400986898549_4349961728575781__011_1994480377864621.jpg,bathroom,train,3
train/bathroom/1574044329492258_4577751499121511__009_26829470956673871.jpg,bathroom,train,4
train/bathroom/1578259502584829_2451520861925351__005_122224705760475036.jpg,bathroom,train,4
train/bathroom/1532036997126363_4249682065361829__004_26022125080797512.jpg,bathroom,train,2
train/bathroom/125793327613639_3041376266055316__007_4235661029910734.jpg,bathroom,train,3
train/bathroom/1302750086537790_4246349392177830__006_10239656189130251.jpg,bathroom,train,4
train/bathroom/167401334126918_2017039802496386__005_26874197068867627.jpg,bathroom,train,3
train/bathroom/151351752255977_2000140250710442__002_27810546158565443.jpg,bathroom,train,1
train/bathroom/1302750086537790_4235057853306984__005_122175498482746125.jpg,bathroom,train,1
train/bathroom/101875683484689_2907205899618306__005_122189973236796252.jpg,bathroom,train,3
train/bathroom/1409711522615858_4201167906803525__004_26925823800345944.jpg,bathroom,train,2
train/bathroom/1029345667543954_2388706674941173__008_27422514973999972.jpg,bathroom,train,3
train/bathroom/111163552234056_27895891600001211__010_4185169391743533.jpg,bathroom,train,3
train/bathroom/1109406492459598_27074549125518646__010_2851114358568916.jpg,bathroom,train,2
train/bathroom/1109406492459598_27132781433028748__006_10164118737348433.jpg,bathroom,train,2
train/bathroom/126295760730491_27800602336206461__009_4497212000562500.jpg,bathroom,train,4
train/bathroom/1446203822077011_27383275691276469__003_888148874300801.jpg,bathroom,train,3
train/bathroom/1446203822077011_27310548471882525__006_1467473268488645.jpg,bathroom,train,3
train/bathroom/1109406492459598_27222677684039122__002_2428073377659716.jpg,bathroom,train,3
train/bathroom/131650282168271_1326657206000900__003_10164407077949420.jpg,bathroom,train,3
train/bathroom/1697699190534876_3929816337323139__001_3929816337323139.jpg,bathroom,train,3
train/bathroom/1578259502584829_2451678538576250__003_27328024280161062.jpg,bathroom,train,2
train/bathroom/101875683484689_2902155936789969__007_27235780862692594.jpg,bathroom,train,3
train/bathroom/1564067761059184_2163146981151256__007_2813831662293680.jpg,bathroom,train,3
train/bathroom/1446203822077011_27328302156773823__006_10232798846976798.jpg,bathroom,train,3
train/bathroom/101875683484689_2907391452933084__003_971683992430114.jpg,bathroom,train,1
train/bathroom/1574044329492258_4561955874034407__011_26085876437756803.jpg,bathroom,train,2
train/bathroom/101875683484689_2899388963733333__002_10239034877589285.jpg,bathroom,train,4
train/bathroom/1578259502584829_2455199758224128__005_122191904984479018.jpg,bathroom,train,2
train/bathroom/111163552234056_27898949816362056__003_997375692801336.jpg,bathroom,train,3
train/bathroom/1444861819075775_4431872127041381__010_27867466962843478.jpg,bathroom,train,4
train/bathroom/109471915759582_36134169966196321__005_10164177012352911.jpg,bathroom,train,2
train/bathroom/109471915759582_36110874255192559__004_27300416499553401.jpg,bathroom,train,2
train/bathroom/131650282168271_1326474372685850__002_10174158748130273.jpg,bathroom,train,1
train/bathroom/1109406492459598_27186236754349882__003_27276171628634628.jpg,bathroom,train,3
train/bathroom/133922880497171_2056851074870999__005_27760884970180399.jpg,bathroom,train,1
train/bathroom/1374467126144215_4383687631888801__003_10230963095493048.jpg,bathroom,train,3
train/bathroom/141224653236180_1867393770619251__007_122355155054005770.jpg,bathroom,train,5
train/bathroom/1480733602056021_26591151937254174__007_2244550609630787.jpg,bathroom,train,2
train/bathroom/162570224559186_2190592281756960__011_1273178381635721.jpg,bathroom,train,2
train/bathroom/1642748915985540_4338737933053278__004_10164734730874015.jpg,bathroom,train,2
train/bathroom/1250686224969130_26861746823436385__007_2679606792424125.jpg,bathroom,train,3
train/bathroom/1697699190534876_3926809987623774__004_3493569384143028.jpg,bathroom,train,3
train/bathroom/1578259502584829_2453312365079534__004_122113050405029759.jpg,bathroom,train,3
train/bathroom/125793327613639_3040406552818954__007_10237980436668988.jpg,bathroom,train,4
train/bathroom/125793327613639_3039905272869082__010_35522461317368967.jpg,bathroom,train,2
train/bathroom/1250686224969130_26797917633152638__006_27408150708788635.jpg,bathroom,train,3
train/bathroom/162570224559186_2193925318090323__002_27619021227723941.jpg,bathroom,train,3
train/bathroom/1333924010089214_3468789353269325__005_1604805681652978.jpg,bathroom,train,4
train/bathroom/1308193765888197_35929819653298833__007_10164575059901221.jpg,bathroom,train,2
train/bathroom/1117824112816877_1661771418422141__004_2750921108599987.jpg,bathroom,train,3
train/bathroom/101875683484689_2907871902885039__007_10242756986001253.jpg,bathroom,train,3
train/bathroom/110907419268500_2725932684432614__007_1730304904950763.jpg,bathroom,train,2
train/bathroom/1108075092683422_3611456965678543__008_1536936814802370.jpg,bathroom,train,5
train/bathroom/1564067761059184_2170109653788322__009_2821689871507859.jpg,bathroom,train,5
train/bathroom/1388421434704191_4282299155316390__007_10164185238970902.jpg,bathroom,train,3
train/bathroom/1414853725269536_26884098641251694__003_10231290040095034.jpg,bathroom,train,3
train/bathroom/1302750086537790_4233949983417771__007_10164116696193116.jpg,bathroom,train,2
train/bathroom/125793327613639_3039445352915074__003_1333101709024730.jpg,bathroom,train,1
train/bathroom/1293017504164975_4088361111297253__005_1548670493514765.jpg,bathroom,train,2
train/bathroom/1697699190534876_3938804219757684__006_978946921614992.jpg,bathroom,train,4
train/bathroom/1578259502584829_2455385304872240__008_1608597634605091.jpg,bathroom,train,2
train/bathroom/1591401697779759_4237887473131155__006_3468844583284955.jpg,bathroom,train,3
train/bathroom/1109406492459598_27063622129944679__004_27153510370900755.jpg,bathroom,train,3
train/bathroom/1374467126144215_4393199530937611__005_10175290856590643.jpg,bathroom,train,3
train/bathroom/126295760730491_27924288560504504__005_10164263220219169.jpg,bathroom,train,4
train/bathroom/167401334126918_2013632812837085__008_26821823374104997.jpg,bathroom,train,3
train/bathroom/1662194610917822_2401994410271168__006_26605021202450469.jpg,bathroom,train,1
train/bathroom/1692162830827333_27031385096478424__005_122181961532594872.jpg,bathroom,train,3
train/bathroom/1424244737803677_4553015484926571__009_1982746326460938.jpg,bathroom,train,2
train/bathroom/1108075092683422_3621149258042647__007_10232864068531779.jpg,bathroom,train,3
train/bathroom/125793327613639_3042630932596516__005_122225226572558318.jpg,bathroom,train,3
train/bathroom/1578259502584829_2452345285176242__006_856392010834199.jpg,bathroom,train,3
train/bathroom/1383397445076108_26955777880744713__005_4191040837853242.jpg,bathroom,train,3
train/bathroom/1532036997126363_4253035195026516__006_27626659303590968.jpg,bathroom,train,4
train/bathroom/1658210834462300_4474998649450157__006_26130699719941141.jpg,bathroom,train,3
train/bathroom/109471915759582_35942104632069523__005_10164119778009704.jpg,bathroom,train,4
train/bathroom/1424244737803677_4566279240266862__004_26838047702472498.jpg,bathroom,train,3
train/bathroom/1662194610917822_2413553899115219__004_27202938065967606.jpg,bathroom,train,3
train/bathroom/1175635132590303_3553251248162001__011_1823040185345476.jpg,bathroom,train,3
train/bathroom/1644120495892745_3942565742714864__011_26706587305701044.jpg,bathroom,train,4
train/bathroom/1175635132590303_3552147844939008__008_10233014064606058.jpg,bathroom,train,3
train/bathroom/1692162830827333_26852019074415028__006_10164244731238620.jpg,bathroom,train,2
train/bathroom/1374467126144215_4382733205317577__008_10163064513661452.jpg,bathroom,train,3
train/bathroom/167401334126918_2017386339128399__005_36889622830636401.jpg,bathroom,train,3
train/bathroom/1662194610917822_2398701743933768__006_10164681908427973.jpg,bathroom,train,2
train/bathroom/1480733602056021_26592342550468446__004_10164434500518874.jpg,bathroom,train,2
train/bathroom/1308193765888197_36083649314582532__005_10232804561752106.jpg,bathroom,train,1
train/bathroom/1109406492459598_27081548248152067__005_122223524324475036.jpg,bathroom,train,4
train/bathroom/132807117125395_2253002508439168__004_26718854311070282.jpg,bathroom,train,2
train/bathroom/131650282168271_1335306311802656__004_26630450286606285.jpg,bathroom,train,3
train/bathroom/1665284003691199_4443243172561921__005_10162854299099033.jpg,bathroom,train,2
train/bathroom/126295760730491_27800602336206461__003_4497211290562571.jpg,bathroom,train,3
train/bathroom/1532036997126363_4248283552168347__002_10216595411275476.jpg,bathroom,train,3
train/bathroom/1697699190534876_3926883734283066__003_1718181299201740.jpg,bathroom,train,3
train/bathroom/162570224559186_2187223942093794__005_27169176229355739.jpg,bathroom,train,3
train/bathroom/1697699190534876_3931408243830615__005_122122799067202918.jpg,bathroom,train,1
train/bathroom/1644120495892745_3947048965599875__004_10244754796071882.jpg,bathroom,train,1
train/bathroom/1108280606220345_2678672259181164__001_2678672259181164.jpg,bathroom,train,4
train/bathroom/126295760730491_27811679045098790__010_10239269080879160.jpg,bathroom,train,4
train/bathroom/1692162830827333_26915178628099072__007_10240888116236672.jpg,bathroom,train,3
train/bathroom/1591401697779759_4237887473131155__005_3468844569951623.jpg,bathroom,train,3
train/bathroom/128182133878732_27263769903226588__009_36149748851290372.jpg,bathroom,train,2
train/bathroom/128182133878732_27271539332449645__004_27327220876869576.jpg,bathroom,train,3
train/bathroom/131650282168271_1337302694936351__005_27417575901159800.jpg,bathroom,train,4
train/bathroom/109471915759582_36134364812843503__004_1506897734470920.jpg,bathroom,train,3
train/bathroom/1591401697779759_4250299311889971__003_1298394799047643.jpg,bathroom,train,2
train/bathroom/1409711522615858_4217008578552791__005_10232185144075820.jpg,bathroom,train,1
train/bathroom/1175635132590303_3552095831610876__006_122175327680672414.jpg,bathroom,train,2
train/bathroom/1121082361306682_26909904001997831__005_122207194136787967.jpg,bathroom,train,2
train/bathroom/1665284003691199_4451358171750421__004_3534367206715396.jpg,bathroom,train,2
train/bathroom/1509783812615243_4390561247870804__007_1651026377031229.jpg,bathroom,train,4
train/bathroom/167401334126918_2017867019080331__008_26886458447641489.jpg,bathroom,train,2
train/bathroom/1383397445076108_26909458812043287__006_35549344974711040.jpg,bathroom,train,1
train/bathroom/167401334126918_2017945155739184__006_122164514330953886.jpg,bathroom,train,2
train/bathroom/1109406492459598_27157325647240993__008_2896347217379642.jpg,bathroom,train,3
train/bathroom/1383397445076108_26888841707438331__007_3442099409273979.jpg,bathroom,train,3
train/bathroom/1644120495892745_3942460372725401__008_984114044007315.jpg,bathroom,train,2
train/bathroom/1624818081000281_3672724159542986__011_27663049113311816.jpg,bathroom,train,5
train/bathroom/1509783812615243_4389901017936827__002_10162895161593193.jpg,bathroom,train,3
train/bathroom/131650282168271_1330825585584062__005_27777314458537162.jpg,bathroom,train,3
train/bathroom/1624818081000281_3672773249538077__006_10228001504701967.jpg,bathroom,train,2
train/bathroom/1578259502584829_2458056567938447__004_4352133115040684.jpg,bathroom,train,3
train/bathroom/125793327613639_3041919486000994__009_27658880050381538.jpg,bathroom,train,2
train/bathroom/1308193765888197_36034614262819371__005_2436258280175699.jpg,bathroom,train,4
train/bathroom/128182133878732_27383592614577649__006_2205070250238755.jpg,bathroom,train,2
train/bathroom/1446203822077011_27351437437793628__006_122276053250157046.jpg,bathroom,train,4
train/bathroom/108387882545483_27060070146950558__004_3460316454142349.jpg,bathroom,train,3
train/bathroom/1591401697779759_4238337049752864__010_10163205883181173.jpg,bathroom,train,3
train/bathroom/1109406492459598_27237470929226464__007_2278108339663799.jpg,bathroom,train,2
train/bathroom/131650282168271_1332884845378136__003_1313522094052516.jpg,bathroom,train,2
train/bathroom/1697699190534876_3927542390883867__001_3927542390883867.jpg,bathroom,train,4
train/bathroom/167401334126918_2017022002498166__004_27481424688116165.jpg,bathroom,train,1
train/bathroom/133922880497171_2055332625022844__005_27789362267319952.jpg,bathroom,train,3
train/bathroom/110907419268500_2725657291126820__005_2779742499054272.jpg,bathroom,train,4
train/bathroom/1664792386922491_26742239072084476__005_27076309088630743.jpg,bathroom,train,3
train/bathroom/1383397445076108_26854756964180139__007_1579210527542842.jpg,bathroom,train,1
train/bathroom/1302750086537790_4255305001282269__003_10164382208204660.jpg,bathroom,val,2
train/bathroom/1591401697779759_4238973239689245__004_2726427791057928.jpg,bathroom,val,2
train/bathroom/1591401697779759_4243783279208241__004_3003121206547624.jpg,bathroom,val,3
train/bathroom/1029345667543954_2388766461601861__003_122170161530908145.jpg,bathroom,val,3
train/bathroom/1414853725269536_26959826150345609__002_2763825403973056.jpg,bathroom,val,2
train/bathroom/1564067761059184_2169795663819721__010_1715185089487998.jpg,bathroom,val,3
train/bathroom/1592420637729022_3952266218411107__006_985881764176362.jpg,bathroom,val,3
train/bathroom/131650282168271_1332285322104755__004_122183805002597011.jpg,bathroom,val,3
train/bathroom/109471915759582_36016477967965522__006_1467450625399480.jpg,bathroom,val,3
train/bathroom/1424244737803677_4559141387647314__010_36669305959326877.jpg,bathroom,val,2
train/bathroom/1409711522615858_4216170811969901__003_26813690558296722.jpg,bathroom,val,2
train/bathroom/131650282168271_1328136505852970__007_977127315284076.jpg,bathroom,val,2
train/bathroom/167401334126918_2019581922242174__007_122126720031159146.jpg,bathroom,val,1
train/bathroom/132807117125395_2255250761547676__004_4463460007311180.jpg,bathroom,val,1
train/bathroom/1692162830827333_26956417917308476__007_1705188797321941.jpg,bathroom,val,3
train/bathroom/1564067761059184_2165456260920328__006_26790854557247275.jpg,bathroom,val,2
train/bathroom/1029345667543954_2386039241874583__003_36249467917971708.jpg,bathroom,val,3
train/bathroom/1374467126144215_4392686484322249__009_27205084392420215.jpg,bathroom,val,4
train/bathroom/133922880497171_2059548594601247__007_27300224919572919.jpg,bathroom,val,3
train/bathroom/1414853725269536_27049858651342358__002_2475948332819047.jpg,bathroom,val,2
train/bathroom/109471915759582_35951510797795573__002_1500342498459777.jpg,bathroom,val,1
train/bathroom/1087635731246729_27464764163107193__002_3792214590914449.jpg,bathroom,val,3
train/bathroom/1108280606220345_2680887128959677__010_1339525078363821.jpg,bathroom,val,3
train/bathroom/151351752255977_2000731427317991__003_27818776074409118.jpg,bathroom,val,3
train/bathroom/1665284003691199_4445268075692764__006_3479474662211763.jpg,bathroom,val,1
train/bathroom/133922880497171_2058106204745486__012_4038427109623515.jpg,bathroom,val,2
train/bathroom/1409711522615858_4202007893386193__005_10226723850961244.jpg,bathroom,val,1
train/bathroom/1109406492459598_27070715805901978__002_122182434350957697.jpg,bathroom,val,3
train/bathroom/1564067761059184_2159401664859121__008_1558597906275536.jpg,bathroom,val,3
train/bathroom/109471915759582_35965148213098498__009_952945910953727.jpg,bathroom,val,2
train/bathroom/131650282168271_1328732039126750__007_122134870125205308.jpg,bathroom,val,1
train/bathroom/1592420637729022_3956244621346600__002_10241930750823642.jpg,bathroom,val,3
train/bathroom/140974480089370_2199541430899321__004_10238436360760489.jpg,bathroom,val,2
train/bathroom/131650282168271_1327502199249734__004_10241906633152604.jpg,bathroom,val,4
train/bathroom/133922880497171_2055323418357098__005_845204558659422.jpg,bathroom,val,3
train/bathroom/1633400986898549_4349961728575781__012_1994481004531225.jpg,bathroom,val,3
train/bathroom/128182133878732_27332693956334182__005_3574670152687561.jpg,bathroom,val,2
train/bathroom/162570224559186_2197315904417931__010_27235121189419181.jpg,bathroom,val,3
train/bathroom/1409711522615858_4190932627827053__002_10163156269233450.jpg,bathroom,val,2
train/bathroom/133922880497171_2058593254696781__004_10241143225733267.jpg,bathroom,val,4
train/bedroom/1293017504164975_4095374940595870__001_1981947089081986.jpg,bedroom,train,3
train/bedroom/151351752255977_2006986380025829__004_27914094751543916.jpg,bedroom,train,1
train/bedroom/1121082361306682_26857131317275100__004_10239431138690504.jpg,bedroom,train,3
train/bedroom/1302750086537790_4241095942703175__008_122176100540746125.jpg,bedroom,train,4
train/bedroom/1569279603190851_26437162445975889__005_10163720218852508.jpg,bedroom,train,4
train/bedroom/1424244737803677_4555165091378277__004_27197900149801850.jpg,bedroom,train,3
train/bedroom/1383397445076108_26877293628593139__007_1503856878199847.jpg,bedroom,train,3
train/bedroom/1492833544374932_4501449426846647__003_10164628153019255.jpg,bedroom,train,4
train/bedroom/101875683484689_2906025083069721__005_10243739250875632.jpg,bedroom,train,2
train/bedroom/1697699190534876_3924640307840742__005_122131841247160807.jpg,bedroom,train,2
train/bedroom/1591401697779759_4249899898596579__002_27182550531368376.jpg,bedroom,train,4
train/bedroom/1444861819075775_4434859933409267__007_10238791849028488.jpg,bedroom,train,4
train/bedroom/1333924010089214_3476879082460352__002_984373417893630.jpg,bedroom,train,3
train/bedroom/1308193765888197_36041042052176592__005_10163222545068505.jpg,bedroom,train,2
train/bedroom/128182133878732_27361104740159770__009_10163675368703751.jpg,bedroom,train,3
train/bedroom/1383397445076108_26889002790755556__007_3450833948408343.jpg,bedroom,train,3
train/bedroom/167401334126918_2011535626380137__008_2190347355047653.jpg,bedroom,train,3
train/bedroom/1692162830827333_26856449303972005__006_1555708623232232.jpg,bedroom,train,4
train/bedroom/1369521363409648_2777117602650010__006_1479801870506069.jpg,bedroom,train,3
train/bedroom/151351752255977_1996050847786049__002_10233694409808958.jpg,bedroom,train,2
train/bedroom/132807117125395_2267290957010323__008_26924718120483899.jpg,bedroom,train,2
train/bedroom/1293017504164975_4088588491274515__005_27039051459024373.jpg,bedroom,train,4
train/bedroom/128182133878732_27359132293690348__009_2063315364598849.jpg,bedroom,train,3
train/bedroom/1424244737803677_4551270148434438__004_3094921674033779.jpg,bedroom,train,2
train/bedroom/1108280606220345_2681456905569366__003_26965347519820883.jpg,bedroom,train,3
train/bedroom/1100386826745670_27258513783839617__005_10165070268946639.jpg,bedroom,train,4
train/bedroom/162570224559186_2189658431850345__006_958878093571678.jpg,bedroom,train,4
train/bedroom/101875683484689_2903201896685373__004_10174095768190704.jpg,bedroom,train,1
train/bedroom/115046608513246_36098981689692949__007_2310785906421570.jpg,bedroom,train,3
train/bedroom/101875683484689_2907823056223257__001_2907823056223257.jpg,bedroom,train,3
train/bedroom/1369521363409648_2778344082527362__002_26991942353825709.jpg,bedroom,train,4
train/bedroom/167401334126918_2016674349199598__010_973007385640045.jpg,bedroom,train,3
train/bedroom/1333924010089214_3465705173577743__008_122238381428295498.jpg,bedroom,train,3
train/bedroom/1480733602056021_26603137666055601__004_10164192164504907.jpg,bedroom,train,3
train/bedroom/1591401697779759_4238337049752864__008_10163205882591173.jpg,bedroom,train,2
train/bedroom/1308193765888197_35861774630103336__004_1361549866024351.jpg,bedroom,train,2
train/bedroom/1308193765888197_35916869031260562__003_27417300714576628.jpg,bedroom,train,3
train/bedroom/137474916300778_26661723846782524__007_10162848474663613.jpg,bedroom,train,2
train/bedroom/126295760730491_27889588513974509__002_2069222820616878.jpg,bedroom,train,3
train/bedroom/1108280606220345_2680361415678915__001_26838415122495427.jpg,bedroom,train,3
train/bedroom/1624818081000281_3672903792858356__007_27120806477513214.jpg,bedroom,train,1
train/bedroom/1665284003691199_4439890769563828__007_10163939194403361.jpg,bedroom,train,4
train/bedroom/1302750086537790_4236107543202015__012_1563040815410785.jpg,bedroom,train,3
train/bedroom/1302750086537790_4253675181445251__007_10164525723954379.jpg,bedroom,train,3
train/bedroom/1424244737803677_4565354313692688__006_2460979011000661.jpg,bedroom,train,4
train/bedroom/1592420637729022_3962305070740555__005_1533542748782575.jpg,bedroom,train,4
train/bedroom/1592420637729022_3952843451686717__010_4325011517711785.jpg,bedroom,train,4
train/bedroom/1644120495892745_3942604149377690__006_26707039468989161.jpg,bedroom,train,1
train/bedroom/162570224559186_2188251958657659__011_26895182280169988.jpg,bedroom,train,1
train/bedroom/1692162830827333_26829304820019787__003_10163801789404022.jpg,bedroom,train,3
train/bedroom/1029345667543954_2389524011526106__009_1775534533628942.jpg,bedroom,train,5
train/bedroom/109471915759582_36029987376614581__006_1472544161337544.jpg,bedroom,train,2
train/bedroom/1383397445076108_26985600177762483__012_35693942376917965.jpg,bedroom,train,2
train/bedroom/101875683484689_2901159306889632__003_961868736766079.jpg,bedroom,train,2
train/bedroom/1108075092683422_3610080635816176__001_3610080635816176.jpg,bedroom,train,3
train/bedroom/1592420637729022_3953758228261906__011_4325878657625071.jpg,bedroom,train,4
train/bedroom/1692162830827333_26949465871337014__007_26980009478308777.jpg,bedroom,train,4
train/bedroom/1697699190534876_3933444600293646__007_988865924098734.jpg,bedroom,train,3
train/bedroom/1446203822077011_27373095202294518__001_27373095202294518.jpg,bedroom,train,5
train/bedroom/111163552234056_27765468693043503__002_1685358819130816.jpg,bedroom,train,3
train/bedroom/1100386826745670_27209726312051698__006_4427230780871101.jpg,bedroom,train,1
train/bedroom/108387882545483_27166595002964738__006_27218563714408079.jpg,bedroom,train,2
train/bedroom/1108075092683422_3627934874030752__007_991939276689828.jpg,bedroom,train,4
train/bedroom/126295760730491_27982934211306605__002_4394355980809305.jpg,bedroom,train,3
train/bedroom/109471915759582_36266529822960334__003_10231240545108169.jpg,bedroom,train,5
train/bedroom/131650282168271_1332434488756505__003_1881278512849432.jpg,bedroom,train,1
train/bedroom/1109406492459598_27186236754349882__001_27186236754349882.jpg,bedroom,train,3
train/bedroom/1665284003691199_4439904399562465__009_10162841259949033.jpg,bedroom,train,3
train/bedroom/141224653236180_1859893238035971__006_10163619365511749.jpg,bedroom,train,3
train/bedroom/109471915759582_36262219356724714__007_27323076293963754.jpg,bedroom,train,4
train/bedroom/1108280606220345_2682075522174171__006_26723346180620146.jpg,bedroom,train,3
train/bedroom/1697699190534876_3925116074459832__006_941127868683180.jpg,bedroom,train,2
train/bedroom/167401334126918_2019515772248789__007_10241786113018899.jpg,bedroom,train,4
train/bedroom/1308193765888197_36008488568765274__002_27448895738041042.jpg,bedroom,train,3
train/bedroom/1665284003691199_4443243172561921__008_10162854299109033.jpg,bedroom,train,3
train/bedroom/1369521363409648_2777117602650010__008_1479801940506062.jpg,bedroom,train,4
train/bedroom/1444861819075775_4444251292470131__004_10238903010687460.jpg,bedroom,train,2
train/bedroom/141600959022510_825562793959653__008_1498916455570955.jpg,bedroom,train,2
train/bedroom/1574044329492258_4566220043607990__008_4149211021995676.jpg,bedroom,train,3
train/bedroom/1308193765888197_35941598228787642__003_1561837752609276.jpg,bedroom,train,3
train/bedroom/1692162830827333_27011040278512906__001_27011040278512906.jpg,bedroom,train,4
train/bedroom/109471915759582_35878953918384595__006_10238545927281205.jpg,bedroom,train,3
train/bedroom/101875683484689_2905112076494355__004_2110521596177818.jpg,bedroom,train,3
train/bedroom/1250686224969130_26826208703656864__008_122188640630801796.jpg,bedroom,train,1
train/bedroom/101875683484689_2906931012979128__002_10242744334724979.jpg,bedroom,train,4
train/bedroom/101875683484689_2905419756463587__004_27372890948962205.jpg,bedroom,train,2
train/bedroom/126295760730491_28003006585966034__005_10238975508420167.jpg,bedroom,train,3
train/bedroom/132807117125395_2248473125558773__004_26659800540308993.jpg,bedroom,train,2
train/bedroom/128182133878732_27349345304669047__006_28105348722388564.jpg,bedroom,train,3
train/bedroom/1658210834462300_4479287459021276__010_2481566445610898.jpg,bedroom,train,3
train/bedroom/1665284003691199_4446402248912680__010_10163966129073361.jpg,bedroom,train,4
train/bedroom/1446203822077011_27302114912725881__001_27302114912725881.jpg,bedroom,train,3
train/bedroom/140974480089370_2200624940790970__001_2200624940790970.jpg,bedroom,train,3
train/bedroom/1029345667543954_2386232158521958__004_10231498871604182.jpg,bedroom,train,3
train/bedroom/141600959022510_831954349987164__005_122139382887079644.jpg,bedroom,train,1
train/bedroom/133922880497171_2055934071629366__003_27777198641869648.jpg,bedroom,train,3
train/bedroom/131650282168271_1325933252739962__002_27345989741651045.jpg,bedroom,train,2
train/bedroom/1394256424177525_4355675761368895__006_122168588402850325.jpg,bedroom,train,3
train/bedroom/162570224559186_2190588761757312__005_26677791915220619.jpg,bedroom,train,3
train/bedroom/1029345667543954_2384320808713093__005_122169498398908145.jpg,bedroom,train,3
train/bedroom/1658210834462300_4479440519005970__004_122192566994400293.jpg,bedroom,train,3
train/bedroom/115046608513246_36049483161309469__004_10237721142881943.jpg,bedroom,train,2
train/bedroom/1592420637729022_3948532425451153__012_10241411970066609.jpg,bedroom,train,4
train/bedroom/1374467126144215_4391355804455317__001_4391355804455317.jpg,bedroom,train,5
train/bedroom/1333924010089214_3462179140597013__007_36607287945537406.jpg,bedroom,train,3
train/bedroom/109471915759582_35942435565369763__004_27210779598517092.jpg,bedroom,train,4
train/bedroom/1480733602056021_26591560410546660__004_2244585019627346.jpg,bedroom,train,1
train/bedroom/1692162830827333_26916952474588354__007_1650249506210511.jpg,bedroom,train,4
train/bedroom/1444861819075775_4437520186476575__006_26640823772279894.jpg,bedroom,train,3
train/bedroom/1117824112816877_1677427026856580__010_27652469077669986.jpg,bedroom,train,3
train/bedroom/1409711522615858_4201068543480128__008_10242338395933621.jpg,bedroom,train,1
train/bedroom/1109406492459598_27212128115094079__008_36788349337430926.jpg,bedroom,train,3
train/bedroom/1446203822077011_27310548471882525__011_1467473561821949.jpg,bedroom,train,4
train/bedroom/101875683484689_2905389729799923__002_3012523672273070.jpg,bedroom,train,3
train/bedroom/162570224559186_2188838861932302__004_26656178060715338.jpg,bedroom,train,3
train/bedroom/1108280606220345_2687145081667215__002_26930020543334884.jpg,bedroom,train,5
train/bedroom/1692162830827333_27020536804229920__003_3423131107866406.jpg,bedroom,train,4
train/bedroom/101875683484689_2905483176457245__002_26792541463738238.jpg,bedroom,train,4
train/bedroom/1302750086537790_4247814792031290__006_974172421993201.jpg,bedroom,train,3
train/bedroom/1388421434704191_4281397065406599__008_2269054130566043.jpg,bedroom,train,1
train/bedroom/1446203822077011_27347047134899325__006_122275941236157046.jpg,bedroom,train,3
train/bedroom/1591401697779759_4248588495394386__012_27750284404573789.jpg,bedroom,train,1
train/bedroom/1250686224969130_26892377573706643__009_1565620642230848.jpg,bedroom,train,2
train/bedroom/133922880497171_2055619434994163__002_10164672361269571.jpg,bedroom,train,3
train/bedroom/111163552234056_27790517297205309__006_2512614259254893.jpg,bedroom,train,3
train/bedroom/1480733602056021_26637234312645936__007_10162411374805356.jpg,bedroom,train,1
train/bedroom/126295760730491_27902666689333358__008_27018234571147058.jpg,bedroom,train,4
train/bedroom/128182133878732_27284251854511726__004_1659158902006697.jpg,bedroom,train,3
train/bedroom/1692162830827333_26854445117505757__003_4652163941737939.jpg,bedroom,train,3
train/bedroom/1293017504164975_4076948149105216__007_1565171992284883.jpg,bedroom,train,4
train/bedroom/109471915759582_35919847920961861__002_27198685336393185.jpg,bedroom,train,3
train/bedroom/1175635132590303_3556763114477481__007_1655120653286501.jpg,bedroom,train,4
train/bedroom/1592420637729022_3953766211594441__008_10164881067883010.jpg,bedroom,train,4
train/bedroom/131650282168271_1334872595179361__006_944446541960377.jpg,bedroom,train,4
train/bedroom/1424244737803677_4554102874817832__004_10163860325461029.jpg,bedroom,train,5
train/bedroom/1592420637729022_3955771628060566__006_2070678600463586.jpg,bedroom,train,3
train/bedroom/1424244737803677_4563805123847607__005_3436479969847187.jpg,bedroom,train,3
train/bedroom/133922880497171_2056089674947139__005_10229211307261094.jpg,bedroom,train,3
train/bedroom/1578259502584829_2452345285176242__004_856391984167535.jpg,bedroom,train,3
train/bedroom/1692162830827333_27032948929655374__004_26983946564555444.jpg,bedroom,train,3
train/bedroom/1564067761059184_2165465414252746__007_10243313390753846.jpg,bedroom,train,3
train/bedroom/101875683484689_2902012723470957__004_10242119977246545.jpg,bedroom,train,3
train/bedroom/1424244737803677_4551276365100483__006_1497498061962655.jpg,bedroom,train,2
train/bedroom/167401334126918_2011097086423991__009_26784115111209157.jpg,bedroom,train,1
train/bedroom/1692162830827333_26954233437526924__004_10163845740204022.jpg,bedroom,train,3
train/bedroom/1108075092683422_3616514785172761__005_122133420243157562.jpg,bedroom,train,3
train/bedroom/167401334126918_2018278172372549__004_122103911745308734.jpg,bedroom,train,3
train/bedroom/1414853725269536_26978298835165007__003_4500458123517127.jpg,bedroom,train,3
train/bedroom/1532036997126363_4250721338591235__005_10163170017528175.jpg,bedroom,train,2
train/bedroom/1108075092683422_3618665478291025__006_10163065110910823.jpg,bedroom,train,5
train/bedroom/1444861819075775_4437652506463343__005_3310217069149560.jpg,bedroom,train,4
train/bedroom/140974480089370_2200605844126213__002_1776306390417722.jpg,bedroom,train,2
train/bedroom/126295760730491_27980262071573819__004_1524374309044818.jpg,bedroom,train,1
train/bedroom/1692162830827333_26968623222754612__002_1020337093756462.jpg,bedroom,train,2
train/bedroom/125793327613639_3043872895805653__006_122282357096182782.jpg,bedroom,train,3
train/bedroom/115046608513246_35832148279709626__006_27145094541781459.jpg,bedroom,train,3
train/bedroom/1374467126144215_4387233681534196__009_26855729504046725.jpg,bedroom,train,3
train/bedroom/1578259502584829_2453179518426152__006_10164814256072430.jpg,bedroom,train,3
train/bedroom/1414853725269536_26862045853456973__003_2745272332520143.jpg,bedroom,train,2
train/bedroom/1592420637729022_3954773438160385__009_4326866550859615.jpg,bedroom,train,5
train/bedroom/1532036997126363_4249650552031647__001_4249650552031647.jpg,bedroom,train,3
train/bedroom/101875683484689_2901033700235526__004_10242730931193228.jpg,bedroom,train,3
train/bedroom/1394256424177525_4364976807105457__001_4364976807105457.jpg,bedroom,train,3
train/bedroom/1175635132590303_3553231138164012__006_903321625995371.jpg,bedroom,train,4
train/bedroom/162570224559186_2199009900915198__007_10164814322197430.jpg,bedroom,train,3
train/bedroom/1665284003691199_4442729319279973__004_10163951150848361.jpg,bedroom,train,3
train/bedroom/1665284003691199_4444778279075077__005_1968451060429152.jpg,bedroom,train,1
train/bedroom/1697699190534876_3930196617285111__002_2745132812526202.jpg,bedroom,train,3
train/bedroom/1374467126144215_4389459504644947__004_10165143910418417.jpg,bedroom,train,3
train/bedroom/1302750086537790_4235659113246858__003_122175545702746125.jpg,bedroom,train,3
train/bedroom/1569279603190851_26412161098476024__006_27256117910652465.jpg,bedroom,train,3
train/bedroom/1592420637729022_3961042567533472__008_10164911225568010.jpg,bedroom,train,4
train/bedroom/1592420637729022_3954777081493354__012_10164885258513010.jpg,bedroom,train,3
train/bedroom/162570224559186_2192250698257785__010_961489953310492.jpg,bedroom,train,3
train/bedroom/1591401697779759_4248588495394386__003_27750283894573840.jpg,bedroom,train,2
train/bedroom/108387882545483_27034544986169741__003_122284144202035022.jpg,bedroom,train,3
train/bedroom/1175635132590303_3555535211266938__004_26396149980063354.jpg,bedroom,train,2
train/bedroom/1569279603190851_26605591049133027__006_10244570712429115.jpg,bedroom,train,5
train/bedroom/1100386826745670_27234114846279511__001_27234114846279511.jpg,bedroom,train,4
train/bedroom/167401334126918_2018829502317416__002_27006173765660799.jpg,bedroom,train,3
train/bedroom/140974480089370_2199559694230828__011_26710067445359942.jpg,bedroom,train,5
train/bedroom/1592420637729022_3960064310964631__008_1699377084825466.jpg,bedroom,train,2
train/bedroom/131650282168271_1331252502208037__006_10243400211162963.jpg,bedroom,train,3
train/bedroom/1446203822077011_27315657178038321__003_27679747861628626.jpg,bedroom,train,3
train/bedroom/1692162830827333_26895218543428414__003_4655454468075553.jpg,bedroom,train,2
train/bedroom/1108075092683422_3624395891051317__005_27992404940359774.jpg,bedroom,train,4
train/bedroom/109471915759582_35862790820000905__006_10241171286080113.jpg,bedroom,train,3
train/bedroom/1108075092683422_3613765062114400__007_1463802475543887.jpg,bedroom,train,3
train/bedroom/1108280606220345_2684517801929943__005_26760064670270186.jpg,bedroom,train,2
train/bedroom/109471915759582_35947921731487813__007_2053932055580690.jpg,bedroom,train,5
train/bedroom/1117824112816877_1677419876857295__008_27652374137679480.jpg,bedroom,train,3
train/bedroom/1369521363409648_2776949172666853__003_27287027980901325.jpg,bedroom,train,5
train/bedroom/1302750086537790_4244988268980609__003_10241572377155186.jpg,bedroom,train,3
train/bedroom/1029345667543954_2384140948731079__005_4225847624395581.jpg,bedroom,train,4
train/bedroom/133922880497171_2057670788122361__007_10231097866061420.jpg,bedroom,train,4
train/bedroom/126295760730491_27910014421931918__005_122310797222197631.jpg,bedroom,train,3
train/bedroom/1697699190534876_3926739834297456__006_3493450894154877.jpg,bedroom,train,3
train/bedroom/1250686224969130_26838016239142777__006_10231889807690350.jpg,bedroom,train,1
train/bedroom/126295760730491_27916201671313193__007_2071091490430011.jpg,bedroom,train,4
train/bedroom/1697699190534876_3926809987623774__005_3493569467476353.jpg,bedroom,train,4
train/bedroom/1108280606220345_2685031465211910__005_2077022636175916.jpg,bedroom,train,3
train/bedroom/1424244737803677_4560386054189514__003_1658235832053644.jpg,bedroom,train,2
train/bedroom/1394256424177525_4354252041511267__006_10244553990490382.jpg,bedroom,train,3
train/bedroom/1308193765888197_36066116946335769__009_10163226950203505.jpg,bedroom,train,4
train/bedroom/1117824112816877_1675505820382034__006_957218860282950.jpg,bedroom,train,3
train/bedroom/101875683484689_2907823056223257__010_27647358344849135.jpg,bedroom,train,4
train/bedroom/1492833544374932_4505746503083606__004_1424132513064337.jpg,bedroom,train,3
train/bedroom/1592420637729022_3955822644722131__006_4327862580760012.jpg,bedroom,train,3
train/bedroom/126295760730491_28002650942668265__002_1343501847630349.jpg,bedroom,train,1
train/bedroom/1564067761059184_2170552167077404__006_2822181461458700.jpg,bedroom,train,2
train/bedroom/1424244737803677_4565801596981293__004_27953549647566289.jpg,bedroom,train,4
train/bedroom/1644120495892745_3957471171224321__005_2825635427786616.jpg,bedroom,train,3
train/bedroom/1308193765888197_35917914554489343__005_10242941711022645.jpg,bedroom,train,4
train/bedroom/1108280606220345_2680459449002445__007_2146265802887969.jpg,bedroom,train,2
train/bedroom/1444861819075775_4440739552821305__004_27108464378769749.jpg,bedroom,train,4
train/bedroom/167401334126918_2018308712369495__006_122190553586592014.jpg,bedroom,train,4
train/bedroom/126295760730491_27935521209381239__007_28019271040995330.jpg,bedroom,train,4
train/bedroom/1480733602056021_26507636745605694__004_2238256920260156.jpg,bedroom,train,3
train/bedroom/126295760730491_27979230108343682__003_2074959843376509.jpg,bedroom,train,3
train/bedroom/1108280606220345_2684354275279629__010_1571357574333801.jpg,bedroom,train,3
train/bedroom/101875683484689_2900440850294811__005_10230403687256504.jpg,bedroom,train,4
train/bedroom/1592420637729022_3961034737534255__007_28036194329301678.jpg,bedroom,train,3
train/bedroom/1446203822077011_27381449694792402__002_27134727372789529.jpg,bedroom,train,5
train/bedroom/1592420637729022_3955749584729437__008_10226560753599701.jpg,bedroom,train,3
train/bedroom/126295760730491_27810876361845725__006_27894118280177274.jpg,bedroom,train,3
train/bedroom/1444861819075775_4430189983876262__006_26555289007500038.jpg,bedroom,train,3
train/bedroom/126295760730491_27802374906029204__006_10234292796083130.jpg,bedroom,train,3
train/bedroom/125793327613639_3041911966001746__009_26654705167485524.jpg,bedroom,train,3
train/bedroom/128182133878732_27251033641166881__005_36125715267027064.jpg,bedroom,train,3
train/bedroom/1107364326101704_3271517589686356__007_3210301015816275.jpg,bedroom,train,3
train/bedroom/125793327613639_3042457195947223__010_1015837444205331.jpg,bedroom,train,4
train/bedroom/101875683484689_2900293293642900__001_2900293293642900.jpg,bedroom,train,3
train/bedroom/1591401697779759_4235810343338868__002_3003364686500660.jpg,bedroom,train,3
train/bedroom/1121082361306682_26895608480094050__006_122207066222787967.jpg,bedroom,train,2
train/bedroom/1444861819075775_4432665053628755__001_4432665053628755.jpg,bedroom,train,4
train/bedroom/109471915759582_36265472869732696__004_27324865237118193.jpg,bedroom,train,2
train/bedroom/1592420637729022_3952775405026855__012_10164876893603010.jpg,bedroom,train,3
train/bedroom/132807117125395_2263054650767287__008_1306717708323175.jpg,bedroom,train,3
train/bedroom/1108280606220345_2685208858527504__001_26896911583312447.jpg,bedroom,train,3
train/bedroom/1308193765888197_35999934276287370__005_10238301178562550.jpg,bedroom,train,3
train/bedroom/1333924010089214_3479499535531640__005_986462694351369.jpg,bedroom,train,3
train/bedroom/1446203822077011_27288732320730807__005_10164259504764169.jpg,bedroom,train,4
train/bedroom/109471915759582_36079343801678938__004_998037122559806.jpg,bedroom,train,3
train/bedroom/1692162830827333_27023477697269164__006_1657258992176229.jpg,bedroom,train,4
train/bedroom/128182133878732_27436256792644564__002_2926034480928695.jpg,bedroom,train,3
train/bedroom/131650282168271_1338017154864905__006_1577991903917911.jpg,bedroom,train,1
train/bedroom/1108075092683422_3618006338356939__005_1001389515742447.jpg,bedroom,train,4
train/bedroom/140974480089370_2199417260911738__005_27333931726200278.jpg,bedroom,train,3
train/bedroom/167401334126918_2011088456424854__005_27389634947295140.jpg,bedroom,train,1
train/bedroom/1302750086537790_4243178122494957__005_10232736628424966.jpg,bedroom,train,3
train/bedroom/1250686224969130_26899650066312727__004_10229947976387860.jpg,bedroom,train,3
train/bedroom/1578259502584829_2451591101918327__003_1604568545008000.jpg,bedroom,train,4
train/bedroom/1574044329492258_4581547595408568__009_2150579825789900.jpg,bedroom,train,3
train/bedroom/109471915759582_35942446332035353__004_27365047309759197.jpg,bedroom,train,3
train/bedroom/1175635132590303_3553247951495664__002_981550320933804.jpg,bedroom,train,2
train/bedroom/1308193765888197_36090256887255108__004_10241446228881958.jpg,bedroom,train,4
train/bedroom/1492833544374932_4500444616947128__003_27280074981576883.jpg,bedroom,train,4
train/bedroom/1697699190534876_3927542390883867__009_943314975131136.jpg,bedroom,train,3
train/bedroom/1692162830827333_27015940921356175__007_27046489938327397.jpg,bedroom,train,4
train/bedroom/1381673142221410_3105142796541094__007_1707394673771631.jpg,bedroom,train,3
train/bedroom/1446203822077011_27392019507068754__012_10242289577319262.jpg,bedroom,train,2
train/bedroom/101875683484689_2905956463076583__002_10242730876948543.jpg,bedroom,train,4
train/bedroom/1308193765888197_36034702716143859__004_10241414169280488.jpg,bedroom,train,4
train/bedroom/1592420637729022_3961043240866738__011_10164911231388010.jpg,bedroom,train,2
train/bedroom/1532036997126363_4249178415412194__004_27626659246924307.jpg,bedroom,train,5
train/bedroom/1532036997126363_4249650552031647__011_854371027736315.jpg,bedroom,train,2
train/bedroom/1492833544374932_4491130704545186__003_10164047362848444.jpg,bedroom,train,4
train/bedroom/1250686224969130_26898006979810369__001_1285571557057272.jpg,bedroom,train,4
train/bedroom/1293017504164975_4091246567675374__007_3510389862470193.jpg,bedroom,train,2
train/bedroom/167401334126918_2013579782842388__005_2456558378098979.jpg,bedroom,train,2
train/bedroom/1480733602056021_26627057403663627__009_1611813934278246.jpg,bedroom,train,5
train/bedroom/128182133878732_27373469488923295__004_26690149990668848.jpg,bedroom,train,1
train/bedroom/101875683484689_2906346546370908__002_122226261050328218.jpg,bedroom,train,3
train/bedroom/1388421434704191_4275354946010811__004_10164483099953970.jpg,bedroom,train,3
train/bedroom/1027538324098306_3242191369299646__003_122183731646927202.jpg,bedroom,train,3
train/bedroom/111163552234056_27793093430281029__004_2512833532566299.jpg,bedroom,train,3
train/bedroom/110907419268500_2732477960444753__004_26908687245465307.jpg,bedroom,train,4
train/bedroom/1109406492459598_27130664773240414__009_1277648791212206.jpg,bedroom,train,2
train/bedroom/125793327613639_3044528859073390__002_10238687182292326.jpg,bedroom,train,3
train/bedroom/1446203822077011_27329568633313842__010_25933155829693815.jpg,bedroom,train,2
train/bedroom/1444861819075775_4437789236449670__006_1648301183074171.jpg,bedroom,train,4
train/bedroom/111163552234056_27716568744600165__004_10165540586738013.jpg,bedroom,train,3
train/bedroom/1308193765888197_36013636111583853__003_28208006662122919.jpg,bedroom,train,3
train/bedroom/1697699190534876_3929494197355353__001_3929494197355353.jpg,bedroom,train,3
train/bedroom/1532036997126363_4250807755249260__004_26034041802939173.jpg,bedroom,train,3
train/bedroom/101875683484689_2903415613330668__004_10162107073592693.jpg,bedroom,train,3
train/bedroom/1509783812615243_4390255427901386__007_36850297947902408.jpg,bedroom,train,5
train/bedroom/1444861819075775_4440864096142184__005_10163182170029538.jpg,bedroom,train,4
train/bedroom/101875683484689_2906352766370286__003_10215694115101315.jpg,bedroom,train,2
train/bedroom/151351752255977_2000140250710442__003_27810546191898773.jpg,bedroom,train,1
train/bedroom/101875683484689_2899969277008635__007_36953011427630933.jpg,bedroom,train,3
train/bedroom/1564067761059184_2160541588078462__005_2810849775925202.jpg,bedroom,train,5
train/bedroom/111163552234056_27796189159971456__004_2513057045877281.jpg,bedroom,train,2
train/bedroom/1444861819075775_4431043690457558__006_10165043712024869.jpg,bedroom,train,3
train/bedroom/109471915759582_36021925824087403__006_27195239696747415.jpg,bedroom,train,1
train/bedroom/109471915759582_35969847399295246__007_27167259932878725.jpg,bedroom,train,4
train/bedroom/1308193765888197_36011663578447773__004_10243360303165633.jpg,bedroom,train,4
train/bedroom/1109406492459598_27216639617976262__002_793743330336743.jpg,bedroom,train,3
train/bedroom/1333924010089214_3476698795811714__003_961149013332511.jpg,bedroom,train,4
train/bedroom/1369521363409648_2776457782715992__005_10230144405544639.jpg,bedroom,train,4
train/bedroom/140974480089370_2199902830863181__004_1515935740235703.jpg,bedroom,train,4
train/bedroom/1446203822077011_27369377139332991__006_1523906713080363.jpg,bedroom,train,2
train/bedroom/1592420637729022_3957251351245927__001_3957251351245927.jpg,bedroom,train,3
train/bedroom/1592420637729022_3962197314084664__011_10238701651617544.jpg,bedroom,train,3
train/bedroom/1250686224969130_26790482513896150__008_122188186904801796.jpg,bedroom,train,1
train/bedroom/1692162830827333_27046848978265369__005_1569480595188368.jpg,bedroom,train,4
train/bedroom/1564067761059184_2159344018198219__008_1705130473826793.jpg,bedroom,train,4
train/bedroom/1250686224969130_26887372810873786__010_1988822915338679.jpg,bedroom,train,2
train/bedroom/1250686224969130_26853375230940211__008_122188964426801796.jpg,bedroom,train,1
train/bedroom/1175635132590303_3555410404612752__002_10233851981827255.jpg,bedroom,train,3
train/bedroom/1592420637729022_3959086271062435__006_10164902428513010.jpg,bedroom,train,4
train/bedroom/1333924010089214_3462483483899912__010_2756201748062037.jpg,bedroom,train,3
train/bedroom/1302750086537790_4246225938856842__007_10224713116613549.jpg,bedroom,train,4
train/bedroom/111163552234056_27868838339373204__009_4416856265269141.jpg,bedroom,train,3
train/bedroom/101875683484689_2906444179694478__007_27157309007197126.jpg,bedroom,train,2
train/bedroom/1108280606220345_2681350998913290__005_10164857377643754.jpg,bedroom,train,5
train/bedroom/109471915759582_36268263372786979__001_27442108822048893.jpg,bedroom,train,4
train/bedroom/151351752255977_1993962217994912__002_10238289358866282.jpg,bedroom,train,3
train/bedroom/1383397445076108_26822621060727063__001_3418287221678816.jpg,bedroom,train,3
train/bedroom/140974480089370_2200393157480815__011_27112975494985852.jpg,bedroom,train,5
train/bedroom/128182133878732_27322613517342226__004_36260804056851517.jpg,bedroom,train,3
train/bedroom/1250686224969130_26834479396163128__009_27445343221736050.jpg,bedroom,train,3
train/bedroom/128182133878732_27277702295166682__004_1497423562075449.jpg,bedroom,train,4
train/bedroom/1697699190534876_3938577453113694__006_26735503499476913.jpg,bedroom,train,3
train/bedroom/1564067761059184_2163578587774762__006_2814336835576496.jpg,bedroom,train,4
train/bedroom/1569279603190851_26534400086252124__002_10163753457427508.jpg,bedroom,train,4
train/bedroom/110907419268500_2729810094044873__009_10164192168064907.jpg,bedroom,train,3
train/bedroom/1369521363409648_2785873011774469__006_2516670878749339.jpg,bedroom,train,2
train/bedroom/126295760730491_27877846831815344__005_3956604571313862.jpg,bedroom,train,4
train/bedroom/167401334126918_2011593996374300__005_967717516169032.jpg,bedroom,train,2
train/bedroom/1658210834462300_4475125892770766__007_122166907634848572.jpg,bedroom,train,5
train/bedroom/1692162830827333_26951651351118466__004_1652655505969911.jpg,bedroom,train,4
train/bedroom/1424244737803677_4550493341845452__008_10215470798319956.jpg,bedroom,train,3
train/bedroom/1107364326101704_3259082634263185__007_10163945608432976.jpg,bedroom,train,3
train/bedroom/125793327613639_3041729622686647__006_4445794115746962.jpg,bedroom,train,3
train/bedroom/1532036997126363_4263293160667386__008_10244791810637080.jpg,bedroom,train,4
train/bedroom/137474916300778_26670775419210700__003_10242431841591396.jpg,bedroom,train,2
train/bedroom/1492833544374932_4495300957461494__006_10234329355117083.jpg,bedroom,train,3
train/bedroom/1644120495892745_3942940512677387__007_10164017865711168.jpg,bedroom,train,1
train/bedroom/1087635731246729_27475120985404844__002_10238199747986924.jpg,bedroom,train,2
train/bedroom/1424244737803677_4567561516805301__006_27055178847470890.jpg,bedroom,train,3
train/bedroom/1658210834462300_4478943369055685__007_2753084558389302.jpg,bedroom,train,3
train/bedroom/115046608513246_36046487078275744__004_10163111210574157.jpg,bedroom,train,2
train/bedroom/162570224559186_2189655278517327__003_122122095867235415.jpg,bedroom,train,3
train/bedroom/115046608513246_35935525596038560__005_26927845006834558.jpg,bedroom,train,4
train/bedroom/1692162830827333_26813915074892095__004_26691363160480125.jpg,bedroom,train,2
train/bedroom/1369521363409648_2773890779639359__008_2568315930290858.jpg,bedroom,train,4
train/bedroom/167401334126918_2013632812837085__006_26821823424104992.jpg,bedroom,train,2
train/bedroom/1658210834462300_4475125892770766__006_122166907526848572.jpg,bedroom,train,5
train/bedroom/1446203822077011_27370426845894687__006_1715375636135610.jpg,bedroom,train,2
train/bedroom/1308193765888197_35938824852398313__005_10242952978624328.jpg,bedroom,train,4
train/bedroom/1109406492459598_27039801598993399__004_10236785642133029.jpg,bedroom,train,4
train/bedroom/131650282168271_1336473421685945__006_975329821779161.jpg,bedroom,train,3
train/bedroom/131650282168271_1330786935587927__001_1330786935587927.jpg,bedroom,train,2
train/bedroom/1665284003691199_4435766676642904__004_27119342504318824.jpg,bedroom,train,2
train/bedroom/125793327613639_3044361815756761__008_2279884939207655.jpg,bedroom,train,2
train/bedroom/1485565508385836_4373580446250980__006_27568442356072857.jpg,bedroom,train,3
train/bedroom/1692162830827333_27049125798037687__007_27000170599599707.jpg,bedroom,train,3
train/bedroom/1592420637729022_3954785821492480__011_10243965784307927.jpg,bedroom,train,3
train/bedroom/1697699190534876_3930364087268364__006_122132713419160807.jpg,bedroom,train,2
train/bedroom/162570224559186_2197315904417931__006_27235119062752727.jpg,bedroom,train,2
train/bedroom/1108075092683422_3614165168741056__008_36480420108211839.jpg,bedroom,train,4
train/bedroom/126295760730491_27781246941475334__004_1441375707729618.jpg,bedroom,train,5
train/bedroom/1692162830827333_26845608621722740__011_35301782372769655.jpg,bedroom,train,3
train/bedroom/1569279603190851_26522015130823953__006_10244469682463429.jpg,bedroom,train,4
train/bedroom/126295760730491_27937618089171551__004_28021396034116164.jpg,bedroom,train,3
train/bedroom/126295760730491_27939708758962484__009_10225640143348832.jpg,bedroom,train,4
train/bedroom/131650282168271_1332092588790695__007_27199062346354118.jpg,bedroom,train,3
train/bedroom/109471915759582_36029384866674832__001_36029384866674832.jpg,bedroom,train,1
train/bedroom/1578259502584829_2452274515183319__004_1969297257011199.jpg,bedroom,train,5
train/bedroom/1394256424177525_4362605130675958__002_26661888180134642.jpg,bedroom,train,2
train/bedroom/115046608513246_35932187593039027__003_35711607685121604.jpg,bedroom,train,3
train/bedroom/1121067317909873_27938991749024066__005_2614437145642609.jpg,bedroom,train,3
train/bedroom/1665284003691199_4439469182939320__008_1811602226478427.jpg,bedroom,train,4
train/bedroom/1480733602056021_26603137666055601__001_3418287221678816.jpg,bedroom,train,3
train/bedroom/167401334126918_2013689676164732__003_1469760491566271.jpg,bedroom,train,3
train/bedroom/1374467126144215_4391859614404936__006_27980083068247993.jpg,bedroom,train,4
train/bedroom/167401334126918_2014756109391422__005_1601749161959339.jpg,bedroom,train,4
train/bedroom/1109406492459598_27186236754349882__004_27276171268634664.jpg,bedroom,train,3
train/bedroom/1374467126144215_4391476421109922__006_27049800277970197.jpg,bedroom,train,3
train/bedroom/162570224559186_2188251958657659__009_26895182400169976.jpg,bedroom,train,3
train/bedroom/1592420637729022_3952841951686867__011_26799865173039923.jpg,bedroom,train,2
train/bedroom/1480733602056021_26591151937254174__001_26591151937254174.jpg,bedroom,train,3
train/bedroom/131650282168271_1325073679492586__001_1325073679492586.jpg,bedroom,train,1
train/bedroom/1592420637729022_3953736091597453__004_10226542305098500.jpg,bedroom,train,3
train/bedroom/1569279603190851_26418018501223617__006_1795022591944042.jpg,bedroom,train,3
train/bedroom/125793327613639_3039840112875598__004_10237903481425155.jpg,bedroom,train,4
train/bedroom/1308193765888197_35917002767913855__008_10162828620648365.jpg,bedroom,train,5
train/bedroom/128182133878732_27220566984213547__006_27255014270751314.jpg,bedroom,train,1
train/bedroom/1444861819075775_4442874739274453__008_26705831685779102.jpg,bedroom,train,3
train/bedroom/1029345667543954_2388706674941173__011_27422515213999948.jpg,bedroom,train,3
train/bedroom/1569279603190851_26604211762604289__005_1807893667323601.jpg,bedroom,train,3
train/bedroom/111163552234056_27731209399802766__006_10242238698924907.jpg,bedroom,train,2
train/bedroom/131650282168271_1327529519247002__001_1327529519247002.jpg,bedroom,train,3
train/bedroom/1697699190534876_3925975097707263__006_3492485317584768.jpg,bedroom,train,5
train/bedroom/167401334126918_2013357362864630__005_122189890094592014.jpg,bedroom,train,4
train/bedroom/1333924010089214_3469801236501470__006_2774311872917691.jpg,bedroom,train,3
train/bedroom/1108280606220345_2680873152294408__004_1339502858366043.jpg,bedroom,train,4
train/bedroom/1658210834462300_4482291432054212__006_4448525088756799.jpg,bedroom,train,4
train/bedroom/1374467126144215_4388770154713882__005_10165474266184691.jpg,bedroom,train,3
train/bedroom/1302750086537790_4238063643006405__005_26452705981091661.jpg,bedroom,val,3
train/bedroom/1574044329492258_4562691843960810__011_26658299893790979.jpg,bedroom,val,3
train/bedroom/1574044329492258_4573173499579311__005_10164145231076797.jpg,bedroom,val,5
train/bedroom/1029345667543954_2383698475441993__009_10164459203109382.jpg,bedroom,val,2
train/bedroom/140974480089370_2200604110793053__004_26725485583818128.jpg,bedroom,val,2
train/bedroom/151351752255977_1993564021368065__003_27716217511331642.jpg,bedroom,val,1
train/bedroom/1591401697779759_4238973239689245__006_2726427777724596.jpg,bedroom,val,1
train/bedroom/131650282168271_1327271119272842__002_1530057811886050.jpg,bedroom,val,3
train/bedroom/109471915759582_35920056784274308__003_27198797919715260.jpg,bedroom,val,1
train/bedroom/1424244737803677_4554410591453727__003_10234909160889440.jpg,bedroom,val,3
train/bedroom/1394256424177525_4356699611266510__002_26589997060657088.jpg,bedroom,val,2
train/bedroom/1308193765888197_36043829438564520__008_10163223014313505.jpg,bedroom,val,3
train/bedroom/167401334126918_2017800962420270__002_7969212693099334.jpg,bedroom,val,3
train/bedroom/131650282168271_1338567298143224__007_10162407510470356.jpg,bedroom,val,1
train/bedroom/1692162830827333_26916963447920590__007_1650252206210241.jpg,bedroom,val,3
train/bedroom/151351752255977_1992834664774334__005_36488017250797773.jpg,bedroom,val,4
train/bedroom/101875683484689_2908415546164008__002_10164236109133550.jpg,bedroom,val,4
train/bedroom/1369521363409648_2785191515175952__008_27713381924929594.jpg,bedroom,val,4
train/bedroom/133922880497171_2055549688334471__002_27026488813655992.jpg,bedroom,val,3
train/bedroom/141224653236180_1854415231917105__003_10164154305800269.jpg,bedroom,val,2
train/bedroom/109471915759582_35856982970581690__003_10164103525544704.jpg,bedroom,val,3
train/bedroom/108387882545483_27050593644564875__001_27050593644564875.jpg,bedroom,val,3
train/bedroom/1108075092683422_3625615607596012__003_27065228513094370.jpg,bedroom,val,3
train/bedroom/1480733602056021_26627911376911563__006_2247436326008882.jpg,bedroom,val,3
train/bedroom/1665284003691199_4437006969852208__005_1689880165337985.jpg,bedroom,val,2
train/bedroom/1333924010089214_3478658228949104__005_27584671941133477.jpg,bedroom,val,2
train/bedroom/1388421434704191_4282575601955412__006_2270128083791981.jpg,bedroom,val,2
train/bedroom/110907419268500_2730790010613548__004_2278475996015216.jpg,bedroom,val,2
train/bedroom/1509783812615243_4389483037978625__009_122268136148153565.jpg,bedroom,val,3
train/bedroom/109471915759582_35859548583658462__004_10242239875110782.jpg,bedroom,val,3
train/bedroom/1308193765888197_36047981204816010__007_10163223955598505.jpg,bedroom,val,3
train/bedroom/1591401697779759_4252313331688569__002_26327845706893719.jpg,bedroom,val,3
train/bedroom/140974480089370_2198827054304092__008_26856788604015578.jpg,bedroom,val,3
train/bedroom/1308193765888197_36040801005534030__005_1565443485582036.jpg,bedroom,val,4
train/bedroom/1333924010089214_3463778050437122__006_27871905302409338.jpg,bedroom,val,2
train/bedroom/1592420637729022_3961043240866738__012_10164911231353010.jpg,bedroom,val,3
train/bedroom/126295760730491_27992923493641010__005_28076885491900551.jpg,bedroom,val,3
train/bedroom/1592420637729022_3959087121062350__010_10164902435173010.jpg,bedroom,val,3
train/bedroom/1383397445076108_26947066978282470__001_3418287221678816.jpg,bedroom,val,3
train/bedroom/1333924010089214_3478658228949104__006_27584671894466815.jpg,bedroom,val,2
train/building_exterior/1308193765888197_35934891152791683__001_35934891152791683.jpg,building_exterior,train,4
train/building_exterior/1578259502584829_2455206744890096__001_2455206744890096.jpg,building_exterior,train,5
train/building_exterior/1131541966889617_27025952463688546__004_1895863714433670.jpg,building_exterior,train,5
train/building_exterior/1308193765888197_35962483203365811__001_35962483203365811.jpg,building_exterior,train,4
train/building_exterior/1592420637729022_3948537168784012__001_25887989120875827.jpg,building_exterior,train,5
train/building_exterior/1446203822077011_27366224692981569__002_10234619280435603.jpg,building_exterior,train,5
train/building_exterior/140974480089370_2199857374201060__001_2199857374201060.jpg,building_exterior,train,5
train/building_exterior/1569279603190851_26590298730662259__008_1686467542602190.jpg,building_exterior,train,5
train/building_exterior/109471915759582_35859118830368104__001_35859118830368104.jpg,building_exterior,train,4
train/building_exterior/1692162830827333_27030256209924646__003_27251982384397578.jpg,building_exterior,train,4
train/building_exterior/1592420637729022_3956939041277158__001_3956939041277158.jpg,building_exterior,train,5
train/building_exterior/1509783812615243_4388916864701909__002_122140062171029295.jpg,building_exterior,train,4
train/building_exterior/1374467126144215_4393418784249019__009_27212440251715114.jpg,building_exterior,train,2
train/building_exterior/1333924010089214_3477361759078751__005_36738918242374204.jpg,building_exterior,train,4
train/building_exterior/1302750086537790_4243241139155322__003_122100055736588497.jpg,building_exterior,train,5
train/building_exterior/140974480089370_2200483184138479__004_1638264184576175.jpg,building_exterior,train,5
train/building_exterior/167401334126918_2019677428899290__001_122190331298425575.jpg,building_exterior,train,5
train/building_exterior/1692162830827333_26941887755428159__004_2062199297807174.jpg,building_exterior,train,5
train/building_exterior/1383397445076108_26883154228007079__003_122123437539164529.jpg,building_exterior,train,5
train/building_exterior/1578259502584829_2452227301854707__003_1816904595948190.jpg,building_exterior,train,3
train/building_exterior/1374467126144215_4384639071793657__001_10167843220448747.jpg,building_exterior,train,5
train/building_exterior/1308193765888197_35921208734159925__007_26982598078026041.jpg,building_exterior,train,4
train/building_exterior/1302750086537790_4243188742493895__002_122100049718588497.jpg,building_exterior,train,4
train/building_exterior/1446203822077011_27306193178984721__008_10238474665119164.jpg,building_exterior,train,4
train/building_exterior/1117824112816877_1677456180186998__004_2121750831941092.jpg,building_exterior,train,3
train/building_exterior/1109406492459598_27060424450264447__001_27060424450264447.jpg,building_exterior,train,4
train/building_exterior/1644120495892745_3949880451983393__001_3949880451983393.jpg,building_exterior,train,5
train/building_exterior/1029345667543954_2389591628186011__009_122170290944908145.jpg,building_exterior,train,5
train/building_exterior/1250686224969130_26790937707183964__008_10242826108253962.jpg,building_exterior,train,5
train/building_exterior/109471915759582_35969631389316847__002_2054848642155698.jpg,building_exterior,train,4
train/building_exterior/1383397445076108_26954661140856387__001_2054608078792874.jpg,building_exterior,train,5
train/building_exterior/1692162830827333_26858868887063380__001_26858868887063380.jpg,building_exterior,train,5
train/building_exterior/1374467126144215_4390519544538943__007_27038613035755588.jpg,building_exterior,train,5
train/building_exterior/1564067761059184_2170552167077404__010_2822181618125351.jpg,building_exterior,train,4
train/building_exterior/1592420637729022_3954785898159139__001_3954785898159139.jpg,building_exterior,train,5
train/building_exterior/1308193765888197_36044818038465660__001_36044818038465660.jpg,building_exterior,train,5
train/building_exterior/1308193765888197_36065526939728103__001_36065526939728103.jpg,building_exterior,train,5
train/building_exterior/140974480089370_2199115284275269__008_27003566399239266.jpg,building_exterior,train,5
train/building_exterior/128182133878732_27373553645581546__001_27373553645581546.jpg,building_exterior,train,3
train/building_exterior/1117824112816877_1677343036864979__001_725044274030380.jpg,building_exterior,train,4
train/building_exterior/1644120495892745_3944856285819143__002_10164581902805859.jpg,building_exterior,train,5
train/building_exterior/167401334126918_2011949586338741__005_1274937304840993.jpg,building_exterior,train,4
train/building_exterior/1308193765888197_35942142388733226__001_35942142388733226.jpg,building_exterior,train,5
train/building_exterior/1308193765888197_36041035452177252__001_36041035452177252.jpg,building_exterior,train,5
train/building_exterior/1446203822077011_27392054740398564__001_1003302998810802.jpg,building_exterior,train,5
train/building_exterior/1644120495892745_3944305065874265__004_35370914869221792.jpg,building_exterior,train,5
train/building_exterior/162570224559186_2187302052085983__001_2187302052085983.jpg,building_exterior,train,5
train/building_exterior/1658210834462300_4474737552809600__012_10216067629159506.jpg,building_exterior,train,4
train/building_exterior/1644120495892745_3945218715782900__008_35393552263624719.jpg,building_exterior,train,4
train/building_exterior/1692162830827333_26921632247453710__004_10101306446842560.jpg,building_exterior,train,5
train/building_exterior/1100386826745670_27311751208515874__005_2455517764908332.jpg,building_exterior,train,3
train/building_exterior/1108280606220345_2678901375824919__002_956058734098929.jpg,building_exterior,train,5
train/building_exterior/141224653236180_1856019625089999__012_945651538341144.jpg,building_exterior,train,4
train/building_exterior/1029345667543954_2386013941877113__001_2386013941877113.jpg,building_exterior,train,5
train/building_exterior/1109406492459598_27121096460863912__007_26719275804388002.jpg,building_exterior,train,4
train/building_exterior/162570224559186_2188408895308632__002_957681450358009.jpg,building_exterior,train,5
train/building_exterior/1692162830827333_26978871515063116__011_2474184276344103.jpg,building_exterior,train,5
train/building_exterior/1697699190534876_3932975937007179__006_10225380856266886.jpg,building_exterior,train,5
train/building_exterior/1564067761059184_2155167581949196__008_2804676976542482.jpg,building_exterior,train,4
train/building_exterior/1131541966889617_26938760092407784__001_26938760092407784.jpg,building_exterior,train,4
train/building_exterior/1109406492459598_27058355087138050__006_10243123937696616.jpg,building_exterior,train,5
train/building_exterior/1108075092683422_3617644771726429__007_27729826149939495.jpg,building_exterior,train,1
train/building_exterior/111163552234056_27895891600001211__001_27895891600001211.jpg,building_exterior,train,5
train/building_exterior/1293017504164975_4081159115350786__004_122247794570089732.jpg,building_exterior,train,3
train/building_exterior/1108280606220345_2687145081667215__004_26930020933334845.jpg,building_exterior,train,5
train/building_exterior/1369521363409648_2783881561973614__003_35776573275290364.jpg,building_exterior,train,5
train/building_exterior/1131541966889617_26900821182868342__004_1887876121899096.jpg,building_exterior,train,4
train/building_exterior/167401334126918_2012068436326856__001_2012068436326856.jpg,building_exterior,train,5
train/building_exterior/1444861819075775_4437564716472122__005_27260913056848077.jpg,building_exterior,train,5
train/building_exterior/1108280606220345_2685560305159026__001_2685560305159026.jpg,building_exterior,train,5
train/building_exterior/1117824112816877_1677481633517786__003_2489614801460525.jpg,building_exterior,train,4
train/building_exterior/1692162830827333_27034573859492881__001_27034573859492881.jpg,building_exterior,train,5
train/building_exterior/1692162830827333_26915402438076691__001_26915402438076691.jpg,building_exterior,train,4
train/building_exterior/132807117125395_2249407425465343__001_2249407425465343.jpg,building_exterior,train,4
train/building_exterior/167401334126918_2013201536213546__006_26732996006365732.jpg,building_exterior,train,4
train/building_exterior/1383397445076108_26892377380418097__011_10165225555586079.jpg,building_exterior,train,4
train/building_exterior/151351752255977_2005810700143397__001_2005810700143397.jpg,building_exterior,train,4
train/building_exterior/1444861819075775_4443806575847936__005_27175826232041818.jpg,building_exterior,train,5
train/building_exterior/1592420637729022_3951248445179551__001_3951248445179551.jpg,building_exterior,train,5
train/building_exterior/1308193765888197_36085465454400918__001_36085465454400918.jpg,building_exterior,train,5
train/building_exterior/1692162830827333_27011047235178877__002_2428519690999156.jpg,building_exterior,train,4
train/building_exterior/1108075092683422_3620355881455318__001_1738647837291351.jpg,building_exterior,train,5
train/building_exterior/108387882545483_27067861992838040__005_4358448847818214.jpg,building_exterior,train,4
train/building_exterior/125793327613639_3041426279383648__003_1568693511933567.jpg,building_exterior,train,4
train/building_exterior/109471915759582_35918282821118371__004_10242277606774050.jpg,building_exterior,train,4
train/building_exterior/108387882545483_27179506068340298__010_26726806496961074.jpg,building_exterior,train,4
train/building_exterior/1293017504164975_4087117434754954__006_26838966942440245.jpg,building_exterior,train,4
train/building_exterior/1374467126144215_4380541295536768__003_3516116315228858.jpg,building_exterior,train,5
train/building_exterior/1302750086537790_4240409676105135__005_1542022777493395.jpg,building_exterior,train,5
train/building_exterior/1658210834462300_4490304914586197__003_10164161905618396.jpg,building_exterior,train,3
train/building_exterior/167401334126918_2014480122752354__001_2014480122752354.jpg,building_exterior,train,4
train/building_exterior/1532036997126363_4250296058633763__002_10164524325119206.jpg,building_exterior,train,4
train/building_exterior/1444861819075775_4435914776637116__001_4435914776637116.jpg,building_exterior,train,4
train/building_exterior/1100386826745670_27162853633405633__003_4385320591744224.jpg,building_exterior,train,5
train/building_exterior/1444861819075775_4444251292470131__006_10238903011327476.jpg,building_exterior,train,5
train/building_exterior/137474916300778_26693688223586086__002_957813743879492.jpg,building_exterior,train,5
train/building_exterior/133922880497171_2059708854585221__001_1713934372941069.jpg,building_exterior,train,5
train/building_exterior/141224653236180_1866464444045517__005_35792920053685949.jpg,building_exterior,train,5
train/building_exterior/1644120495892745_3950247305280041__006_26577681148526912.jpg,building_exterior,train,3
train/building_exterior/109471915759582_36117998444480140__010_27246433141628070.jpg,building_exterior,train,5
train/building_exterior/1658210834462300_4490349257915096__005_10164162061058396.jpg,building_exterior,train,4
train/building_exterior/1250686224969130_26773235348954200__008_10242806474443129.jpg,building_exterior,train,5
train/building_exterior/1592420637729022_3960505390920523__001_3960505390920523.jpg,building_exterior,train,5
train/building_exterior/140974480089370_2198756224311175__006_122128371183039564.jpg,building_exterior,train,5
train/building_exterior/1374467126144215_4385361221721442__006_26972115745738651.jpg,building_exterior,train,4
train/building_exterior/1108075092683422_3626469267510646__001_3626469267510646.jpg,building_exterior,train,5
train/building_exterior/1564067761059184_2166104474188840__002_1565932628875397.jpg,building_exterior,train,5
train/building_exterior/1692162830827333_26957436757206592__004_1778016483521515.jpg,building_exterior,train,5
train/building_exterior/1509783812615243_4389578851302377__001_4389578851302377.jpg,building_exterior,train,4
train/building_exterior/1131541966889617_26987375964212863__004_1893465854673456.jpg,building_exterior,train,5
train/building_exterior/141871259895640_2159763034773109__001_4435857353399458.jpg,building_exterior,train,3
train/building_exterior/1131541966889617_26902762479340879__003_1887997095220332.jpg,building_exterior,train,4
train/building_exterior/1532036997126363_4252611005068935__002_26810983368540702.jpg,building_exterior,train,1
train/building_exterior/108387882545483_27147787851512120__002_10237965663274955.jpg,building_exterior,train,5
train/building_exterior/1644120495892745_3945301835774588__005_27390838663851295.jpg,building_exterior,train,4
train/building_exterior/1121082361306682_26885555751099323__007_10164410099729828.jpg,building_exterior,train,4
train/building_exterior/1692162830827333_27018890904394510__001_27018890904394510.jpg,building_exterior,train,5
train/building_exterior/108387882545483_27207316342225937__003_4369553200041112.jpg,building_exterior,train,3
train/building_exterior/1308193765888197_36018116177802513__004_122266425134177389.jpg,building_exterior,train,5
train/building_exterior/141224653236180_1856736851684943__001_1856736851684943.jpg,building_exterior,train,5
train/building_exterior/1532036997126363_4259623157701053__001_1007385935356460.jpg,building_exterior,train,5
train/building_exterior/1592420637729022_3956885957949133__003_10226569308893578.jpg,building_exterior,train,4
train/building_exterior/125793327613639_3042486735944269__004_2154924575352437.jpg,building_exterior,train,4
train/building_exterior/137474916300778_26673389482282627__002_1240686107895965.jpg,building_exterior,train,4
train/building_exterior/1131541966889617_26938760092407784__005_1890534358299939.jpg,building_exterior,train,4
train/building_exterior/1569279603190851_26480757471616386__003_10244413000526416.jpg,building_exterior,train,4
train/building_exterior/128182133878732_27374388778831366__007_3356916647823272.jpg,building_exterior,train,3
train/building_exterior/1302750086537790_4237501626395940__011_122175752252746125.jpg,building_exterior,train,4
train/building_exterior/1692162830827333_26941407618809506__001_26941407618809506.jpg,building_exterior,train,5
train/building_exterior/1308193765888197_35911046955176103__007_10233900851691619.jpg,building_exterior,train,4
train/building_exterior/1108075092683422_3622020854622154__005_36649236394663542.jpg,building_exterior,train,4
train/building_exterior/1250686224969130_26891861793758221__006_10226188088688324.jpg,building_exterior,train,3
train/building_exterior/162570224559186_2189720665177455__001_26738465082418130.jpg,building_exterior,train,5
train/building_exterior/1369521363409648_2784703355224768__001_2784703355224768.jpg,building_exterior,train,3
train/building_exterior/1446203822077011_27357240827213289__001_27357240827213289.jpg,building_exterior,train,5
train/building_exterior/162570224559186_2192242681591920__012_27327698846828081.jpg,building_exterior,train,4
train/building_exterior/1446203822077011_27391509543786417__007_1510231084140184.jpg,building_exterior,train,5
train/building_exterior/137474916300778_26730365143251727__001_26730365143251727.jpg,building_exterior,train,3
train/building_exterior/1592420637729022_3953120804992315__001_3953120804992315.jpg,building_exterior,train,5
train/building_exterior/1692162830827333_27024316363851964__002_10233288234764814.jpg,building_exterior,train,5
train/building_exterior/1591401697779759_4243599759226593__008_26143819658626219.jpg,building_exterior,train,4
train/building_exterior/1029345667543954_2386191988525975__001_10238076436263272.jpg,building_exterior,train,5
train/building_exterior/1446203822077011_27311486288455410__005_122275525424157046.jpg,building_exterior,train,4
train/building_exterior/167401334126918_2019118615621838__003_1475562230986097.jpg,building_exterior,train,4
train/building_exterior/1692162830827333_27004601542490113__003_1655990055636456.jpg,building_exterior,train,5
train/building_exterior/111163552234056_27673179902272383__012_27053586894236866.jpg,building_exterior,train,5
train/building_exterior/1692162830827333_26893041183646150__007_1500218925141400.jpg,building_exterior,train,5
train/building_exterior/1444861819075775_4441953939366533__005_3520424941458380.jpg,building_exterior,train,5
train/building_exterior/1578259502584829_2457744307969673__004_1822172168754766.jpg,building_exterior,train,4
train/building_exterior/111163552234056_27717449417845431__001_122265574322181165.jpg,building_exterior,train,5
train/building_exterior/1509783812615243_4389901017936827__006_10162895161618193.jpg,building_exterior,train,5
train/building_exterior/1444861819075775_4435849176643676__001_4435849176643676.jpg,building_exterior,train,5
train/building_exterior/1293017504164975_4080032082130156__007_26976488225280589.jpg,building_exterior,train,4
train/building_exterior/1692162830827333_27005612139055720__003_27226974543565029.jpg,building_exterior,train,4
train/building_exterior/126295760730491_27949354264664600__002_874754398976371.jpg,building_exterior,train,4
train/building_exterior/1175635132590303_3555393424614450__006_1824625975186897.jpg,building_exterior,train,5
train/building_exterior/1394256424177525_4371017316501406__001_35624599140487736.jpg,building_exterior,train,4
train/building_exterior/1592420637729022_3953344414969954__001_3953344414969954.jpg,building_exterior,train,3
train/building_exterior/1444861819075775_4440157659546161__005_2555732708222868.jpg,building_exterior,train,3
train/building_exterior/162570224559186_2189722911843897__005_26436050959326212.jpg,building_exterior,train,5
train/building_exterior/1578259502584829_2456247931452644__003_1589509126513436.jpg,building_exterior,train,5
train/building_exterior/1029345667543954_2385025915309249__001_10164349449994207.jpg,building_exterior,train,4
train/building_exterior/1414853725269536_26916336241361267__001_26916336241361267.jpg,building_exterior,train,4
train/building_exterior/1250686224969130_26812126708398397__005_2065897887601606.jpg,building_exterior,train,5
train/building_exterior/1644120495892745_3953840434920728__001_3953840434920728.jpg,building_exterior,train,5
train/building_exterior/167401334126918_2013052296228470__001_2013052296228470.jpg,building_exterior,train,5
train/building_exterior/167401334126918_2013579782842388__009_2456558441432306.jpg,building_exterior,train,5
train/building_exterior/1697699190534876_3928077894163650__001_3928077894163650.jpg,building_exterior,train,5
train/building_exterior/140974480089370_2198663570987107__007_27362264930033257.jpg,building_exterior,train,5
train/building_exterior/1308193765888197_35940059878941477__007_27429680360005330.jpg,building_exterior,train,5
train/building_exterior/1592420637729022_3947698318867897__005_122175911090924663.jpg,building_exterior,train,4
train/building_exterior/1644120495892745_3942687209369384__010_26707914878901620.jpg,building_exterior,train,5
train/building_exterior/162570224559186_2190214158461439__002_2446913585768750.jpg,building_exterior,train,4
train/building_exterior/1644120495892745_3952658785038893__001_3952658785038893.jpg,building_exterior,train,5
train/building_exterior/1592420637729022_3956409237996805__001_3956409237996805.jpg,building_exterior,train,5
train/building_exterior/1108075092683422_3611520989005474__001_1430509035757494.jpg,building_exterior,train,5
train/building_exterior/1250686224969130_26887983530812714__001_122176524314852307.jpg,building_exterior,train,5
train/building_exterior/1592420637729022_3949685808669148__009_122239492484267328.jpg,building_exterior,train,4
train/building_exterior/1109406492459598_27060125993627626__003_27342557848675358.jpg,building_exterior,train,3
train/building_exterior/1692162830827333_26915120891438179__002_10233192941622545.jpg,building_exterior,train,5
train/building_exterior/1444861819075775_4432248573670403__001_4432248573670403.jpg,building_exterior,train,4
train/building_exterior/1644120495892745_3942493439388761__001_3942493439388761.jpg,building_exterior,train,4
train/building_exterior/1369521363409648_2779110355784068__005_35650869174527442.jpg,building_exterior,train,5
train/building_exterior/1532036997126363_4257457357917633__002_1456406949624514.jpg,building_exterior,train,5
train/building_exterior/1692162830827333_26951509197799348__002_10233227311001758.jpg,building_exterior,train,5
train/building_exterior/111163552234056_27781517171438655__012_1482664630541484.jpg,building_exterior,train,5
train/building_exterior/1108075092683422_3620321651458741__004_1422581303246416.jpg,building_exterior,train,5
train/building_exterior/1109406492459598_27212114028428821__005_36788320790767114.jpg,building_exterior,train,5
train/building_exterior/1121067317909873_27698208519769058__004_10165169194923606.jpg,building_exterior,train,5
train/building_exterior/1108075092683422_3626896234134616__011_1338774341390596.jpg,building_exterior,train,4
train/building_exterior/1131541966889617_26987375964212863__001_26987375964212863.jpg,building_exterior,train,4
train/building_exterior/1383397445076108_26866533043002531__002_10165216076661079.jpg,building_exterior,train,4
train/building_exterior/1308193765888197_36010170375263760__006_10242093692309697.jpg,building_exterior,train,4
train/building_exterior/109471915759582_36114698211476830__001_36114698211476830.jpg,building_exterior,train,4
train/building_exterior/137474916300778_26788828707405370__004_4049607205183649.jpg,building_exterior,train,1
train/building_exterior/128182133878732_27379225935014317__009_3357321234449480.jpg,building_exterior,train,4
train/building_exterior/1697699190534876_3924966621141444__002_10164527092637698.jpg,building_exterior,train,4
train/building_exterior/125793327613639_3041722459354030__003_4359020611049051.jpg,building_exterior,train,3
train/building_exterior/128182133878732_27406523248951252__009_10164130423192731.jpg,building_exterior,train,5
train/building_exterior/1697699190534876_3925362404435199__007_10225310437386458.jpg,building_exterior,train,5
train/building_exterior/1121082361306682_26857131317275100__005_10239431138810507.jpg,building_exterior,train,4
train/building_exterior/1446203822077011_27373095202294518__002_1889120625109000.jpg,building_exterior,train,5
train/building_exterior/141224653236180_1864951287530166__002_3270685803106098.jpg,building_exterior,train,5
train/building_exterior/133922880497171_2056120061610767__001_122265695108085633.jpg,building_exterior,train,5
train/building_exterior/1131541966889617_26979919221625204__006_10231884710437651.jpg,building_exterior,train,4
train/building_exterior/109471915759582_36001217012824951__001_35536640992617309.jpg,building_exterior,train,5
train/building_exterior/1569279603190851_26592911637067635__004_10244554548585029.jpg,building_exterior,train,5
train/building_exterior/162570224559186_2196495141166674__001_2196495141166674.jpg,building_exterior,train,3
train/building_exterior/1293017504164975_4085948371538527__007_27038823812380363.jpg,building_exterior,train,4
train/building_exterior/1592420637729022_3947678045536591__001_27222981673965437.jpg,building_exterior,train,3
train/building_exterior/1446203822077011_27392066507064054__003_122164054052902795.jpg,building_exterior,train,3
train/building_exterior/1658210834462300_4482008448749177__003_956755713778441.jpg,building_exterior,train,4
train/building_exterior/1308193765888197_36067452769535520__009_28208349562088479.jpg,building_exterior,train,5
train/building_exterior/1117824112816877_1677343036864979__003_2489459941476011.jpg,building_exterior,train,4
train/building_exterior/151351752255977_1993600238031110__003_27716660377954022.jpg,building_exterior,train,5
train/building_exterior/1692162830827333_26914118381538430__003_2469657896796741.jpg,building_exterior,train,4
train/building_exterior/128182133878732_27452100181060225__001_27452100181060225.jpg,building_exterior,train,4
train/building_exterior/1564067761059184_2160905891375365__002_122228337158473093.jpg,building_exterior,train,4
train/building_exterior/1293017504164975_4079565892176775__001_4079565892176775.jpg,building_exterior,train,5
train/building_exterior/1121067317909873_27696483056608271__004_27649444774644669.jpg,building_exterior,train,4
train/building_exterior/1029345667543954_2384394405372400__009_122169516032908145.jpg,building_exterior,train,5
train/building_exterior/1644120495892745_3942617379376367__001_3942617379376367.jpg,building_exterior,train,5
train/building_exterior/1564067761059184_2156794021786552__010_2806517203025126.jpg,building_exterior,train,5
train/building_exterior/162570224559186_2192242681591920__011_27327698336828132.jpg,building_exterior,train,4
train/building_exterior/128182133878732_27249047704698808__008_1656709258918328.jpg,building_exterior,train,4
train/building_exterior/1480733602056021_26548341974868504__001_26548341974868504.jpg,building_exterior,train,5
train/building_exterior/128182133878732_27239748312295414__011_27989341150655989.jpg,building_exterior,train,5
train/building_exterior/126295760730491_27829216683345026__001_1285759233747841.jpg,building_exterior,train,4
train/building_exterior/1302750086537790_4234970473315722__004_10164120136738116.jpg,building_exterior,train,5
train/building_exterior/1109406492459598_27112900001683558__004_122138194317052151.jpg,building_exterior,train,5
train/building_exterior/126295760730491_27848260414773986__009_10238823252493864.jpg,building_exterior,train,4
train/building_exterior/1029345667543954_2384354605376380__010_935539086143782.jpg,building_exterior,train,3
train/building_exterior/1592420637729022_3954339138203815__002_28090985533834466.jpg,building_exterior,train,4
train/building_exterior/1131541966889617_27030722423211550__005_1896179361068772.jpg,building_exterior,train,4
train/building_exterior/1492833544374932_4492165061108417__002_10239254780041648.jpg,building_exterior,train,5
train/building_exterior/1108280606220345_2687145081667215__003_26930020556668216.jpg,building_exterior,train,5
train/building_exterior/1624818081000281_3672754549539947__003_27135605726033810.jpg,building_exterior,train,4
train/building_exterior/1374467126144215_4384192071838357__007_992293096987002.jpg,building_exterior,train,5
train/building_exterior/1121082361306682_26875801438741421__001_26925401047116744.jpg,building_exterior,train,3
train/building_exterior/131650282168271_1331547492178538__010_1036544585610575.jpg,building_exterior,train,3
train/building_exterior/1374467126144215_4393718380885726__001_4393718380885726.jpg,building_exterior,train,4
train/building_exterior/1532036997126363_4247968428866526__001_987384326991022.jpg,building_exterior,train,5
train/building_exterior/1108280606220345_2679599825755074__001_10165453108699113.jpg,building_exterior,train,5
train/building_exterior/1692162830827333_27022632357353698__007_10227625312458131.jpg,building_exterior,train,5
train/building_exterior/1302750086537790_4255950711217698__004_1690004758999960.jpg,building_exterior,train,4
train/building_exterior/1374467126144215_4380006615590236__001_2052228588688744.jpg,building_exterior,train,5
train/building_exterior/111163552234056_27710229448567428__002_26596886436599455.jpg,building_exterior,train,5
train/building_exterior/1444861819075775_4431780797050514__001_4431780797050514.jpg,building_exterior,train,5
train/building_exterior/167401334126918_2019000798966953__007_122104381611308598.jpg,building_exterior,train,4
train/building_exterior/1308193765888197_35967493026198162__001_35967493026198162.jpg,building_exterior,train,5
train/building_exterior/125793327613639_3042630932596516__007_122225226746558318.jpg,building_exterior,train,5
train/building_exterior/1592420637729022_3952266218411107__005_985881870843018.jpg,building_exterior,train,4
train/building_exterior/1592420637729022_3952205911750471__007_122239811828267328.jpg,building_exterior,train,4
train/building_exterior/1108075092683422_3626895194134720__011_1338774341390596.jpg,building_exterior,train,4
train/building_exterior/1250686224969130_26826290966981971__001_27750239887910332.jpg,building_exterior,train,4
train/building_exterior/133922880497171_2057822268107213__004_10242922875153448.jpg,building_exterior,train,4
train/building_exterior/1569279603190851_26588170467541752__009_10244548706518981.jpg,building_exterior,train,5
train/building_exterior/1697699190534876_3926055361032570__006_27585437701058310.jpg,building_exterior,train,4
train/building_exterior/1692162830827333_27017114261238841__003_10233282050250205.jpg,building_exterior,train,5
train/building_exterior/140974480089370_2199463344240463__009_26708889082144445.jpg,building_exterior,train,3
train/building_exterior/1564067761059184_2158049781660976__004_2807973692879477.jpg,building_exterior,train,5
train/building_exterior/108387882545483_27235609586063279__002_122299234166183076.jpg,building_exterior,train,5
train/building_exterior/1333924010089214_3468789353269325__006_1604805678319645.jpg,building_exterior,train,4
train/building_exterior/1644120495892745_3942940512677387__001_3942940512677387.jpg,building_exterior,train,5
train/building_exterior/1578259502584829_2456210078123096__002_1297840935657865.jpg,building_exterior,train,4
train/building_exterior/1578259502584829_2457003404710430__005_1419296853552107.jpg,building_exterior,train,5
train/building_exterior/1569279603190851_26518560024502797__008_1018963893893782.jpg,building_exterior,train,5
train/building_exterior/125793327613639_3042544002605209__004_1658381252960842.jpg,building_exterior,train,4
train/building_exterior/1308193765888197_35932942122986586__006_10233911407675512.jpg,building_exterior,train,4
train/building_exterior/1692162830827333_26832575466359389__001_26832575466359389.jpg,building_exterior,train,4
train/building_exterior/1569279603190851_26437462942612506__011_10244358642487499.jpg,building_exterior,train,5
train/building_exterior/1302750086537790_4247369948742441__005_122128389477032508.jpg,building_exterior,train,5
train/building_exterior/109471915759582_35876980065248647__003_10238981075683955.jpg,building_exterior,train,4
train/building_exterior/141224653236180_1856637525028209__002_1603638781761946.jpg,building_exterior,train,4
train/building_exterior/109471915759582_36069191362694182__001_36069191362694182.jpg,building_exterior,train,4
train/building_exterior/1131541966889617_26940024582281335__005_10238243255393694.jpg,building_exterior,train,4
train/building_exterior/1131541966889617_26881157434834717__002_1886736922013016.jpg,building_exterior,train,4
train/building_exterior/1131541966889617_26898900906393703__005_1887764358576939.jpg,building_exterior,train,4
train/building_exterior/1268483766823645_2833450636993609__002_10239361407947367.jpg,building_exterior,train,5
train/building_exterior/1532036997126363_4258829807780388__001_946719464840069.jpg,building_exterior,train,5
train/building_exterior/1509783812615243_4389961277930801__005_1528870818771326.jpg,building_exterior,train,3
train/building_exterior/1131541966889617_26924172057199921__002_1889478721738836.jpg,building_exterior,train,4
train/building_exterior/1333924010089214_3461578337323760__001_3461578337323760.jpg,building_exterior,train,5
train/building_exterior/1697699190534876_3927756704195769__001_27606990795569667.jpg,building_exterior,train,5
train/building_exterior/1578259502584829_2457772354633535__006_27125725160393954.jpg,building_exterior,train,5
train/building_exterior/1029345667543954_2389727798172394__003_4456864167922891.jpg,building_exterior,train,5
train/building_exterior/1574044329492258_4573452682884726__004_27288679400735909.jpg,building_exterior,train,4
train/building_exterior/151351752255977_1995182191206248__002_27737772505842809.jpg,building_exterior,train,5
train/building_exterior/109471915759582_35880704501542870__001_35880704501542870.jpg,building_exterior,train,4
train/building_exterior/1578259502584829_2453176158426488__006_1606277911503730.jpg,building_exterior,train,5
train/building_exterior/1029345667543954_2378016856010155__001_2378016856010155.jpg,building_exterior,train,5
train/building_exterior/1591401697779759_4238153336437902__002_26993886236874764.jpg,building_exterior,train,4
train/building_exterior/1131541966889617_26946800948270365__003_1891006784919363.jpg,building_exterior,train,4
train/building_exterior/1480733602056021_26572865669082801__003_10165269685769883.jpg,building_exterior,train,4
train/building_exterior/1108280606220345_2678542925860764__005_26813982244938715.jpg,building_exterior,train,5
train/building_exterior/1108280606220345_2678097895905267__002_955344964170306.jpg,building_exterior,train,5
train/building_exterior/132807117125395_2258153781257374__011_122124833499154279.jpg,building_exterior,train,4
train/building_exterior/1131541966889617_26902762479340879__004_1887997088553666.jpg,building_exterior,train,5
train/building_exterior/1374467126144215_4392574391000125__004_27062353350048223.jpg,building_exterior,train,4
train/building_exterior/1383397445076108_26863028933352942__010_26701767776149632.jpg,building_exterior,train,2
train/building_exterior/1444861819075775_4433297833565477__006_10243375703748234.jpg,building_exterior,train,4
train/building_exterior/155513625152539_1910441649659719__005_4358498394479926.jpg,building_exterior,train,4
train/building_exterior/162570224559186_2197318977750957__002_26738539202410718.jpg,building_exterior,train,5
train/building_exterior/1644120495892745_3943692685935503__001_3943692685935503.jpg,building_exterior,train,5
train/building_exterior/1250686224969130_26924417517169315__001_1106812015657025.jpg,building_exterior,train,5
train/building_exterior/1692162830827333_27024762503807350__005_26975735465376554.jpg,building_exterior,train,4
train/building_exterior/1591401697779759_4238132496439986__001_4238132496439986.jpg,building_exterior,train,4
train/building_exterior/125793327613639_3042004509325825__007_1645251400936812.jpg,building_exterior,train,4
train/building_exterior/125793327613639_3041726992686910__009_10237903480425130.jpg,building_exterior,train,5
train/building_exterior/1250686224969130_26878690131742054__001_1102927389378821.jpg,building_exterior,train,5
train/building_exterior/1642748915985540_4338217916438613__004_10233596103511033.jpg,building_exterior,train,4
train/building_exterior/1374467126144215_4385665305024367__001_10164276515844320.jpg,building_exterior,train,4
train/building_exterior/1308193765888197_36011755341771930__001_36011755341771930.jpg,building_exterior,train,4
train/building_exterior/1131541966889617_26953849700898823__001_26953849700898823.jpg,building_exterior,train,2
train/building_exterior/109471915759582_35918282821118371__002_10242277606134034.jpg,building_exterior,train,5
train/building_exterior/1117824112816877_1677419876857295__009_27652374111012816.jpg,building_exterior,train,4
train/building_exterior/1108280606220345_2687145081667215__005_26930020963334842.jpg,building_exterior,train,5
train/building_exterior/1578259502584829_2451677335243037__003_4345072345746761.jpg,building_exterior,train,5
train/building_exterior/140974480089370_2199601290893335__002_3490019531155173.jpg,building_exterior,train,3
train/building_exterior/1444861819075775_4434384793456781__008_10243390789925379.jpg,building_exterior,train,5
train/building_exterior/1302750086537790_4239249506221152__002_10241219343161510.jpg,building_exterior,train,5
train/building_exterior/125793327613639_3041676532691956__010_27415413571389139.jpg,building_exterior,train,4
train/building_exterior/1302750086537790_4237210176425085__005_27581321461470289.jpg,building_exterior,train,5
train/building_exterior/1697699190534876_3938553609782745__005_122174407952851539.jpg,building_exterior,train,4
train/building_exterior/1591401697779759_4239738389612730__004_10237868958155688.jpg,building_exterior,train,5
train/building_exterior/1592420637729022_3949097078728021__001_3949097078728021.jpg,building_exterior,train,5
train/building_exterior/1131541966889617_26874855272131600__005_2051800812428666.jpg,building_exterior,train,1
train/building_exterior/1383397445076108_26984154534573714__001_857933173404475.jpg,building_exterior,train,2
train/building_exterior/128182133878732_27373527192250858__001_27373527192250858.jpg,building_exterior,train,4
train/building_exterior/167401334126918_2019694092230957__002_1476179060924414.jpg,building_exterior,train,4
train/building_exterior/1658210834462300_4484146775202011__004_10162863534253193.jpg,building_exterior,train,3
train/building_exterior/1692162830827333_26978926311724303__003_27199810476281436.jpg,building_exterior,train,4
train/building_exterior/1446203822077011_27303205042616868__009_10244448030322085.jpg,building_exterior,train,5
train/building_exterior/1109406492459598_27083276597979232__005_1943495993264611.jpg,building_exterior,train,3
train/building_exterior/126295760730491_27804235909176437__002_854329067680936.jpg,building_exterior,train,4
train/building_exterior/1591401697779759_4236140203305882__009_26053930630948456.jpg,building_exterior,train,4
train/building_exterior/140974480089370_2199182207601910__001_2199182207601910.jpg,building_exterior,train,4
train/building_exterior/1569279603190851_26541197822239017__003_10244491174040705.jpg,building_exterior,train,5
train/building_exterior/1658210834462300_4474822386134450__002_27465233866411289.jpg,building_exterior,train,5
train/building_exterior/1108075092683422_3618666128290960__002_994716016543732.jpg,building_exterior,train,3
train/building_exterior/1446203822077011_27393789796891725__001_27070979295831799.jpg,building_exterior,train,5
train/building_exterior/1658210834462300_4486779978272024__001_4486779978272024.jpg,building_exterior,train,4
train/building_exterior/1175635132590303_3563559273797865__001_3563559273797865.jpg,building_exterior,train,5
train/building_exterior/1644120495892745_3949201632051275__002_10236979352196789.jpg,building_exterior,train,5
train/building_exterior/1175635132590303_3563423670478092__002_957813743879492.jpg,building_exterior,train,5
train/building_exterior/1692162830827333_26921632247453710__002_10101306446792660.jpg,building_exterior,train,5
train/building_exterior/1383397445076108_26830599853262517__012_10165200757371079.jpg,building_exterior,train,4
train/building_exterior/1692162830827333_26834893126127623__004_1673732430542368.jpg,building_exterior,train,4
train/building_exterior/1658210834462300_4484143088535713__006_2775539556116376.jpg,building_exterior,train,5
train/building_exterior/155513625152539_1920830121954205__006_122167169450683203.jpg,building_exterior,train,5
train/building_exterior/1308193765888197_36085046871109443__002_27506014335705265.jpg,building_exterior,train,5
train/building_exterior/1131541966889617_26881157434834717__004_1886736915346350.jpg,building_exterior,train,4
train/building_exterior/1374467126144215_4379175889006642__003_1717788602581613.jpg,building_exterior,train,5
train/building_exterior/1369521363409648_2779110355784068__001_2779110355784068.jpg,building_exterior,train,5
train/building_exterior/1665284003691199_4451402781745960__003_1652696943532315.jpg,building_exterior,train,5
train/building_exterior/126295760730491_28020537060879653__005_28041969028736354.jpg,building_exterior,train,4
train/building_exterior/1569279603190851_26515700981455368__001_26515700981455368.jpg,building_exterior,train,5
train/building_exterior/1692162830827333_27024762503807350__011_26975735912043176.jpg,building_exterior,train,4
train/building_exterior/162570224559186_2190539478428907__002_959744963484991.jpg,building_exterior,train,5
train/building_exterior/1697699190534876_3929451657359607__002_1651526806093482.jpg,building_exterior,train,4
train/building_exterior/1644120495892745_3953696471601791__001_3953696471601791.jpg,building_exterior,train,5
train/building_exterior/111163552234056_27673179902272383__001_27673179902272383.jpg,building_exterior,train,5
train/building_exterior/128182133878732_27239748312295414__002_27989339867322784.jpg,building_exterior,train,5
train/building_exterior/1692162830827333_26938846972398904__002_1776304600359370.jpg,building_exterior,train,5
train/building_exterior/1592420637729022_3949041218733607__001_3949041218733607.jpg,building_exterior,train,4
train/building_exterior/128182133878732_27452100181060225__004_28217840024472766.jpg,building_exterior,train,5
train/building_exterior/128182133878732_27452100181060225__009_28217840951139340.jpg,building_exterior,train,5
train/building_exterior/1369521363409648_2779889515706152__003_27013965491623395.jpg,building_exterior,train,5
train/building_exterior/1108280606220345_2678542925860764__007_26813982494938690.jpg,building_exterior,train,5
train/building_exterior/1592420637729022_3953060441665018__008_122239906730267328.jpg,building_exterior,train,4
train/building_exterior/1414853725269536_26888226884172203__011_2564263584029426.jpg,building_exterior,train,5
train/building_exterior/1175635132590303_3562423743911418__001_3562423743911418.jpg,building_exterior,train,5
train/building_exterior/1131541966889617_27025952463688546__002_1895863721100336.jpg,building_exterior,train,5
train/building_exterior/167401334126918_2011937886339911__003_26689909770669403.jpg,building_exterior,train,5
train/building_exterior/1564067761059184_2169795663819721__001_2169795663819721.jpg,building_exterior,train,5
train/building_exterior/1692162830827333_26843125121971090__005_2464508853978312.jpg,building_exterior,train,5
train/building_exterior/140974480089370_2198959724290825__012_26858592073835231.jpg,building_exterior,train,5
train/building_exterior/1692162830827333_26845308655086070__001_27108279845442917.jpg,building_exterior,train,4
train/building_exterior/1131541966889617_26900821182868342__005_1887876118565763.jpg,building_exterior,train,4
train/building_exterior/140974480089370_2198794994307298__004_27325080517085399.jpg,building_exterior,train,5
train/building_exterior/1644120495892745_3945203775784394__001_3945203775784394.jpg,building_exterior,train,5
train/building_exterior/162570224559186_2187115965437925__001_2187115965437925.jpg,building_exterior,train,5
train/building_exterior/1564067761059184_2165465414252746__011_10243313390473839.jpg,building_exterior,train,5
train/building_exterior/133922880497171_2058618154694291__001_122198361692390543.jpg,building_exterior,train,4
train/building_exterior/162570224559186_2187515665397955__002_2444231962703579.jpg,building_exterior,train,4
train/building_exterior/1592420637729022_3948532425451153__001_3948532425451153.jpg,building_exterior,train,5
train/building_exterior/125793327613639_3043611462498463__010_27173232988997597.jpg,building_exterior,train,5
train/building_exterior/1308193765888197_36067452769535520__001_36067452769535520.jpg,building_exterior,train,5
train/building_exterior/1302750086537790_4234587193354050__001_image.jpg,building_exterior,train,5
train/building_exterior/151351752255977_2005436600180807__005_26726745550322434.jpg,building_exterior,train,3
train/building_exterior/1100386826745670_27281980648159597__007_122282303936195815.jpg,building_exterior,train,4
train/building_exterior/1592420637729022_3949685808669148__008_122239492460267328.jpg,building_exterior,train,4
train/building_exterior/1131541966889617_26925698367047290__005_1889598251726883.jpg,building_exterior,train,5
train/building_exterior/136756476866142_2185315948676841__009_26370250002674159.jpg,building_exterior,train,5
train/building_exterior/1692162830827333_27048733634743570__008_10227642635531197.jpg,building_exterior,train,5
train/building_exterior/1692162830827333_26832122869737982__001_26832122869737982.jpg,building_exterior,train,4
train/building_exterior/1374467126144215_4391361741121390__009_3935463723251896.jpg,building_exterior,train,3
train/building_exterior/1117824112816877_1677343036864979__004_2489459954809343.jpg,building_exterior,train,4
train/building_exterior/1665284003691199_4435464983339740__001_4435464983339740.jpg,building_exterior,train,4
train/building_exterior/1409711522615858_4214365518817097__001_4214365518817097.jpg,building_exterior,train,5
train/building_exterior/1308193765888197_35957169210563877__001_35957169210563877.jpg,building_exterior,val,5
train/building_exterior/1592420637729022_3951118228525906__002_27429194210011346.jpg,building_exterior,val,5
train/building_exterior/1592420637729022_3951583691812693__006_10164871898718010.jpg,building_exterior,val,4
train/building_exterior/109471915759582_36077290301884288__004_10241515231686476.jpg,building_exterior,val,4
train/building_exterior/1444861819075775_4435507733344487__001_4435507733344487.jpg,building_exterior,val,5
train/building_exterior/1578259502584829_2451612975249473__003_1256206373166173.jpg,building_exterior,val,3
train/building_exterior/1592420637729022_3954792481491814__001_3954792481491814.jpg,building_exterior,val,5
train/building_exterior/136756476866142_2181724862369283__001_2181724862369283.jpg,building_exterior,val,1
train/building_exterior/1108075092683422_3624395891051317__001_3624395891051317.jpg,building_exterior,val,5
train/building_exterior/1446203822077011_27358067073797331__001_27358067073797331.jpg,building_exterior,val,5
train/building_exterior/1414853725269536_26861118390216386__005_2561800530942398.jpg,building_exterior,val,5
train/building_exterior/1333924010089214_3477533615728232__004_2793429934339218.jpg,building_exterior,val,5
train/building_exterior/1692162830827333_26877584925191776__012_26897869439867399.jpg,building_exterior,val,5
train/building_exterior/1374467126144215_4380069162250648__005_1705853590421148.jpg,building_exterior,val,4
train/building_exterior/1692162830827333_26964594286490839__009_122128454007032508.jpg,building_exterior,val,4
train/building_exterior/1574044329492258_4578353462394648__002_10216670194345006.jpg,building_exterior,val,5
train/building_exterior/109471915759582_36055672874046031__001_36055672874046031.jpg,building_exterior,val,4
train/building_exterior/1383397445076108_26983774904611677__008_2070807760451993.jpg,building_exterior,val,5
train/building_exterior/137474916300778_26673389482282627__001_26673389482282627.jpg,building_exterior,val,1
train/building_exterior/1444861819075775_4436725243222736__001_2707153736338420.jpg,building_exterior,val,3
train/building_exterior/1108075092683422_3619858924838347__004_27661764113411223.jpg,building_exterior,val,5
train/building_exterior/1108075092683422_3613633005460939__009_1287167689884595.jpg,building_exterior,val,5
train/building_exterior/111163552234056_27790207263902979__005_10230175224594964.jpg,building_exterior,val,4
train/building_exterior/1569279603190851_26449954021363398__002_10244374525244558.jpg,building_exterior,val,5
train/building_exterior/167401334126918_2011091266424573__005_27389677020624266.jpg,building_exterior,val,4
train/building_exterior/1374467126144215_4393593827564848__007_10168261103367715.jpg,building_exterior,val,5
train/building_exterior/141224653236180_1856906401667988__001_1856906401667988.jpg,building_exterior,val,4
train/building_exterior/1131541966889617_26878467578437036__003_1886569048696470.jpg,building_exterior,val,5
train/building_exterior/1574044329492258_4568777076685620__001_26592075043744108.jpg,building_exterior,val,5
train/building_exterior/1108075092683422_3619986498158923__001_1699629761061251.jpg,building_exterior,val,5
train/building_exterior/133922880497171_2055337648355675__001_27801830942739751.jpg,building_exterior,val,4
train/building_exterior/1592420637729022_3959103937727335__001_3959103937727335.jpg,building_exterior,val,5
train/building_exterior/1444861819075775_4429160177312576__001_4429160177312576.jpg,building_exterior,val,5
train/building_exterior/1333924010089214_3477361759078751__001_3477361759078751.jpg,building_exterior,val,5
train/building_exterior/1374467126144215_4388451118079119__001_4388451118079119.jpg,building_exterior,val,4
train/building_exterior/1644120495892745_3943017179336387__002_10244685400177028.jpg,building_exterior,val,4
train/building_exterior/1293017504164975_4084881258311905__009_10242204715359466.jpg,building_exterior,val,3
train/building_exterior/1642748915985540_4339859826274422__009_10233616610943706.jpg,building_exterior,val,5
train/building_exterior/140974480089370_2200714317448699__002_1975563369989218.jpg,building_exterior,val,4
train/building_exterior/1374467126144215_4393646127559618__001_4393646127559618.jpg,building_exterior,val,4
train/garden/128182133878732_27452284661041777__003_34902963699302233.jpg,garden,train,4
train/garden/1480733602056021_26591151937254174__006_2244550576297457.jpg,garden,train,4
train/garden/1131541966889617_26868424036108057__010_10244585837806545.jpg,garden,train,5
train/garden/1293017504164975_4090213264445371__003_122130134121184478.jpg,garden,train,5
train/garden/1509783812615243_4390416257885303__006_975238024884068.jpg,garden,train,5
train/garden/1394256424177525_4356721207931017__003_27255409604045493.jpg,garden,train,5
train/garden/1369521363409648_2777994865895617__006_122112309831280637.jpg,garden,train,5
train/garden/1446203822077011_27365231123080926__001_27365231123080926.jpg,garden,train,5
train/garden/1029345667543954_2385875285224312__003_1890399345209760.jpg,garden,train,5
train/garden/1692162830827333_26869968545953414__002_2517619195321605.jpg,garden,train,4
train/garden/1574044329492258_4567850963444898__002_26908162958780222.jpg,garden,train,5
train/garden/141224653236180_1859893238035971__003_10163619365541749.jpg,garden,train,5
train/garden/1308193765888197_36059828263631304__006_10242408373728357.jpg,garden,train,5
train/garden/1308193765888197_35933262052954593__001_35933262052954593.jpg,garden,train,4
train/garden/128182133878732_27348660131404231__005_36310103338588255.jpg,garden,train,4
train/garden/1369521363409648_2777994865895617__012_122112310011280637.jpg,garden,train,5
train/garden/1662194610917822_2401994410271168__003_26605020729117183.jpg,garden,train,4
train/garden/167401334126918_2011043953095971__002_10215901951819327.jpg,garden,train,4
train/garden/1308193765888197_36094584243489039__007_10164755832663254.jpg,garden,train,5
train/garden/1466088316786306_26930279733273814__002_26700613879597178.jpg,garden,train,5
train/garden/1308193765888197_36038911059056358__001_36038911059056358.jpg,garden,train,5
train/garden/128182133878732_27440936165509960__012_10238592469184624.jpg,garden,train,4
train/garden/128182133878732_27348660131404231__004_36310103398588249.jpg,garden,train,5
train/garden/137474916300778_26817152037906370__005_1293111566302014.jpg,garden,train,5
train/garden/1109406492459598_27137418519231706__008_10163969564257696.jpg,garden,train,4
train/garden/1108280606220345_2679572332424490__001_26600323552943683.jpg,garden,train,4
train/garden/1592420637729022_3954974191473643__005_26601627139465646.jpg,garden,train,5
train/garden/1029345667543954_2378016856010155__003_27213887824875447.jpg,garden,train,5
train/garden/1175635132590303_3552157974937995__004_10233817136756150.jpg,garden,train,4
train/garden/1029345667543954_2388926578252516__004_26719412957717270.jpg,garden,train,4
train/garden/131650282168271_1326593022673985__001_1326593022673985.jpg,garden,train,4
train/garden/1665284003691199_4439522576267314__006_10233661579467891.jpg,garden,train,5
train/garden/1308193765888197_36054806950800102__001_36054806950800102.jpg,garden,train,4
train/garden/1444861819075775_4431137907114803__003_1355607256471056.jpg,garden,train,4
train/garden/1569279603190851_26439313982427402__002_122111233125215056.jpg,garden,train,5
train/garden/1302750086537790_4236882753124494__001_4236882753124494.jpg,garden,train,5
train/garden/1302750086537790_4238201169659319__008_1540513907644282.jpg,garden,train,5
train/garden/136756476866142_2185315948676841__007_26370249899340836.jpg,garden,train,4
train/garden/1268483766823645_2812345802437426__003_10242282896869311.jpg,garden,train,5
train/garden/1109406492459598_27058590013781224__004_10164144033033236.jpg,garden,train,3
train/garden/1592420637729022_3953843968253332__004_10164054156001168.jpg,garden,train,4
train/garden/1644120495892745_3956660381305400__003_10242926846649153.jpg,garden,train,4
train/garden/1293017504164975_4088361111297253__009_1548670673514747.jpg,garden,train,4
train/garden/1302750086537790_4236212239858212__004_35876522628605306.jpg,garden,train,3
train/garden/1409711522615858_4199170760336573__004_10234428592836835.jpg,garden,train,4
train/garden/1592420637729022_3953773614927034__008_2084382558805597.jpg,garden,train,5
train/garden/1591401697779759_4239904656262770__006_1884260992237347.jpg,garden,train,4
train/garden/1592420637729022_3962574937380235__003_27349657944639408.jpg,garden,train,5
train/garden/1592420637729022_3954032388234490__002_10238599372580632.jpg,garden,train,5
train/garden/1665284003691199_4449297825289789__002_3484070925085470.jpg,garden,train,5
train/garden/108387882545483_27059847103639529__005_1505224504605038.jpg,garden,train,3
train/garden/1108075092683422_3614459688711604__006_1447738794032268.jpg,garden,train,4
train/garden/1369521363409648_2779585305736573__006_2574473709675080.jpg,garden,train,4
train/garden/101875683484689_2906041413068088__004_10241296933055554.jpg,garden,train,5
train/garden/1108280606220345_2680414395673617__012_1708026443945950.jpg,garden,train,4
train/garden/1591401697779759_4242961079290461__008_26623401367280902.jpg,garden,train,4
train/garden/167401334126918_2014647896068910__009_122282649632187807.jpg,garden,train,3
train/garden/1697699190534876_3931822563789183__002_10225370019955985.jpg,garden,train,4
train/garden/1424244737803677_4548357685392351__001_4548357685392351.jpg,garden,train,4
train/garden/1121067317909873_27745685268354716__009_35619532620994667.jpg,garden,train,4
train/garden/1108280606220345_2679545919093798__001_2679545919093798.jpg,garden,train,4
train/garden/1100386826745670_27179082441782752__003_26898981056366531.jpg,garden,train,5
train/garden/1108280606220345_2686164858431904__003_26916482894688649.jpg,garden,train,5
train/garden/128182133878732_27249507297986182__004_36122789637319627.jpg,garden,train,4
train/garden/1108280606220345_2678608875854169__003_10164619311627674.jpg,garden,train,4
train/garden/1308193765888197_36013788691568595__003_833211409858474.jpg,garden,train,5
train/garden/1117824112816877_1671021954163754__004_10162423576850894.jpg,garden,train,4
train/garden/1658210834462300_4471330503150305__001_4471330503150305.jpg,garden,train,5
train/garden/137474916300778_26684388071182768__001_898145106513023.jpg,garden,train,3
train/garden/1108280606220345_2678484739199916__012_10164149294726797.jpg,garden,train,5
train/garden/1109406492459598_27163724489934442__003_10242528493007061.jpg,garden,train,3
train/garden/1692162830827333_26890883663861902__001_36407472635518195.jpg,garden,train,5
train/garden/1665284003691199_4444778279075077__001_4444778279075077.jpg,garden,train,4
train/garden/1308193765888197_35909986121948853__008_10238256029633855.jpg,garden,train,4
train/garden/1658210834462300_4472279289722093__005_918698057831427.jpg,garden,train,4
train/garden/1308193765888197_36094584243489039__008_10164755832723254.jpg,garden,train,5
train/garden/1414853725269536_26894737263521165__011_2564846443971140.jpg,garden,train,4
train/garden/137474916300778_26777394901882084__002_1005548475336858.jpg,garden,train,5
train/garden/1532036997126363_4246851305644905__002_1275387414705258.jpg,garden,train,3
train/garden/1302750086537790_4253430768136359__003_10164524974069379.jpg,garden,train,4
train/garden/167401334126918_2017012682499098__003_2460231614398322.jpg,garden,train,5
train/garden/1100386826745670_27345226728501655__002_27114808078145140.jpg,garden,train,4
train/garden/1029345667543954_2383535122124995__007_10164716731038254.jpg,garden,train,5
train/garden/1175635132590303_3562597573894035__001_3562597573894035.jpg,garden,train,5
train/garden/1029345667543954_2386835335128307__004_1582173220581835.jpg,garden,train,5
train/garden/1029345667543954_2384354605376380__005_935538872810470.jpg,garden,train,5
train/garden/128182133878732_27263006003302978__003_1553920076743470.jpg,garden,train,4
train/garden/1308193765888197_36034084326205698__006_35627716546842901.jpg,garden,train,5
train/garden/128182133878732_27345634191706825__003_1290244373086362.jpg,garden,train,5
train/garden/162570224559186_2201204730695715__007_27727572213535508.jpg,garden,train,3
train/garden/1658210834462300_4481422762141079__009_27344087301843889.jpg,garden,train,5
train/garden/1414853725269536_26919432447718313__003_2538355266622527.jpg,garden,train,5
train/garden/137474916300778_26666388069649435__001_122192951774445893.jpg,garden,train,5
train/garden/1074129249328016_35655631037417729__005_27654366524166268.jpg,garden,train,5
train/garden/137474916300778_26778053288482912__002_911114828549384.jpg,garden,train,4
train/garden/1308193765888197_36065502063063924__002_27651051667830031.jpg,garden,train,5
train/garden/1308193765888197_35964066673207464__004_10242352677855995.jpg,garden,train,5
train/garden/1369521363409648_2784761708552266__005_27149135764680388.jpg,garden,train,4
train/garden/1592420637729022_3955276188110110__003_27256602583944945.jpg,garden,train,5
train/garden/1034251924469584_1660106111884159__003_3059017860961008.jpg,garden,train,4
train/garden/162570224559186_2201204730695715__008_27727572743535455.jpg,garden,train,3
train/garden/1175635132590303_3552157974937995__001_3552157974937995.jpg,garden,train,4
train/garden/1578259502584829_2455232084887562__001_2455232084887562.jpg,garden,train,5
train/garden/133922880497171_2060593224496784__002_984376960759139.jpg,garden,train,4
train/garden/1308193765888197_36041042052176592__001_36041042052176592.jpg,garden,train,5
train/garden/1108075092683422_3609969889160584__002_26935775486034332.jpg,garden,train,5
train/garden/1424244737803677_4563520663876053__006_1511564130705512.jpg,garden,train,5
train/garden/167401334126918_2011328729734160__006_4290372334535477.jpg,garden,train,4
train/garden/141224653236180_1861574121201216__005_1560397202762424.jpg,garden,train,5
train/garden/1121082361306682_26883604564627775__001_26883604564627775.jpg,garden,train,4
train/garden/1374467126144215_4381750638749167__011_36961677006752713.jpg,garden,train,4
train/garden/1117824112816877_1673582797241003__006_956503153907179.jpg,garden,train,4
train/garden/1414853725269536_26953558000972424__001_26953558000972424.jpg,garden,train,3
train/garden/1029345667543954_2383972722081235__005_10165128391460982.jpg,garden,train,3
train/garden/1592420637729022_3954360911534971__001_3954360911534971.jpg,garden,train,4
train/garden/1109406492459598_27230483476591876__004_122192233262636450.jpg,garden,train,5
train/garden/167401334126918_2018350779031955__002_974791042128346.jpg,garden,train,5
train/garden/1029345667543954_2384354605376380__006_935538912810466.jpg,garden,train,5
train/garden/1302750086537790_4235072943305475__011_1676247630375673.jpg,garden,train,4
train/garden/1369521363409648_2781271592234611__010_3091193334414048.jpg,garden,train,4
train/garden/1414853725269536_27068046736190216__011_10164178752256797.jpg,garden,train,4
train/garden/1574044329492258_4561955874034407__009_26085874294423684.jpg,garden,train,4
train/garden/1185455534885646_26470597092611475__007_26893225620312006.jpg,garden,train,5
train/garden/1308193765888197_36065438679736929__004_27651006597834538.jpg,garden,train,5
train/garden/1121067317909873_27769307365992506__004_26604989255786997.jpg,garden,train,5
train/garden/1446203822077011_27310635961873776__001_27310635961873776.jpg,garden,train,3
train/garden/128182133878732_27220957434174502__003_3477366075772388.jpg,garden,train,5
train/garden/128182133878732_27298552813081630__002_10241152442369326.jpg,garden,train,5
train/garden/167401334126918_2010677123132654__012_1466509205224733.jpg,garden,train,3
train/garden/128182133878732_27437555665848010__001_27437555665848010.jpg,garden,train,4
train/garden/1107364326101704_3271517589686356__005_3210301005816276.jpg,garden,train,5
train/garden/1175635132590303_3556706754483117__007_35643062551975152.jpg,garden,train,5
train/garden/1591401697779759_4245484999038069__012_10163069270455823.jpg,garden,train,4
train/garden/1308193765888197_36020822734198524__006_27472146862425346.jpg,garden,train,4
train/garden/1388421434704191_4281397065406599__001_4281397065406599.jpg,garden,train,4
train/garden/1592420637729022_3948558002115262__002_3439718302871682.jpg,garden,train,5
train/garden/1409711522615858_4195890043997978__005_10242005813504851.jpg,garden,train,4
train/garden/1308193765888197_36066116946335769__003_10163226949918505.jpg,garden,train,4
train/garden/1532036997126363_4254389718224397__003_27104250365835467.jpg,garden,train,4
train/garden/1692162830827333_26810667645216838__010_2461783330917531.jpg,garden,train,5
train/garden/1509783812615243_4388992621361000__012_4426787950982282.jpg,garden,train,5
train/garden/101875683484689_2907004499638446__002_1287137343534534.jpg,garden,train,4
train/garden/137474916300778_26833200626301511__004_122111538464913488.jpg,garden,train,3
train/garden/1662194610917822_2401904560280153__004_27590387877231292.jpg,garden,train,5
train/garden/167401334126918_2014723456061354__010_26837144082572926.jpg,garden,train,5
train/garden/1108280606220345_2682428912138832__002_1891396071776754.jpg,garden,train,5
train/garden/1665284003691199_4442748135944758__005_2052887888966599.jpg,garden,train,5
train/garden/137474916300778_26718239304464311__002_992721966615690.jpg,garden,train,5
train/garden/1480733602056021_26627911376911563__004_2247436256008889.jpg,garden,train,4
train/garden/1108280606220345_2684176675297389__007_1803648614126052.jpg,garden,train,5
train/garden/141224653236180_1863086527716642__001_1863086527716642.jpg,garden,train,5
train/garden/137474916300778_26651577144463861__001_26651577144463861.jpg,garden,train,4
train/garden/128182133878732_27248955664708012__008_27999052669684837.jpg,garden,train,4
train/garden/167401334126918_2014977296035970__002_971257629148354.jpg,garden,train,5
train/garden/125793327613639_3041499432709666__008_4235809146562589.jpg,garden,train,3
train/garden/1175635132590303_3548867578600368__003_903321492662051.jpg,garden,train,4
train/garden/133922880497171_2055371148352325__005_2575206046268513.jpg,garden,train,5
train/garden/1532036997126363_4258632447800124__005_35563907423224837.jpg,garden,train,5
train/garden/137474916300778_26692780520343523__011_2503404916760649.jpg,garden,train,5
train/garden/1591401697779759_4246880222231880__001_4246880222231880.jpg,garden,train,5
train/garden/1480733602056021_26600951102940924__009_122203163726533021.jpg,garden,train,4
train/garden/101875683484689_2904498999888996__007_10242524732113198.jpg,garden,train,5
train/garden/1369521363409648_2785694758458961__001_1296113615922361.jpg,garden,train,5
train/garden/1175635132590303_3553231138164012__004_903321505995383.jpg,garden,train,3
train/garden/1592420637729022_3959333777704351__012_27322177730719387.jpg,garden,train,5
train/garden/1658210834462300_4472279289722093__004_918698031164763.jpg,garden,train,4
train/garden/1658210834462300_4476336065983082__002_27050358121224692.jpg,garden,train,3
train/garden/1697699190534876_3924550734516366__004_2207122243363115.jpg,garden,train,4
train/garden/133922880497171_2057315708157869__002_1545517380302728.jpg,garden,train,4
train/garden/1293017504164975_4088361111297253__006_1548670540181427.jpg,garden,train,5
train/garden/1509783812615243_4390056844587911__002_4267176563549404.jpg,garden,train,4
train/garden/1592420637729022_3951768525127543__011_10238569925324469.jpg,garden,train,5
train/garden/1591401697779759_4248577228728846__012_10163081862560823.jpg,garden,train,4
train/garden/1592420637729022_3955773538060375__003_10231587053009627.jpg,garden,train,5
train/garden/1569279603190851_26618724964486302__011_10244585417076722.jpg,garden,train,5
train/garden/109471915759582_36212317981714852__003_27354381074156943.jpg,garden,train,5
train/garden/1175635132590303_3556706071149852__002_963222926577660.jpg,garden,train,4
train/garden/151351752255977_2000896760634791__002_2196521004425017.jpg,garden,train,3
train/garden/1108280606220345_2679545919093798__011_1888822355367459.jpg,garden,train,5
train/garden/1665284003691199_4443736492512589__002_26725207037105658.jpg,garden,train,4
train/garden/1374467126144215_4393644134226484__006_26939034792412816.jpg,garden,train,4
train/garden/1592420637729022_3951709965133399__002_27918313507756428.jpg,garden,train,5
train/garden/1308193765888197_36011645945116203__009_2435328816935312.jpg,garden,train,4
train/garden/1414853725269536_26959427563718801__005_26935094026087096.jpg,garden,train,4
train/garden/167401334126918_2011099289757104__002_27389779080614060.jpg,garden,train,5
train/garden/1108280606220345_2685120048536385__002_2963289067207986.jpg,garden,train,4
train/garden/1100386826745670_27345226728501655__001_27345226728501655.jpg,garden,train,5
train/garden/1108280606220345_2681746952207028__007_122168500886848572.jpg,garden,train,5
train/garden/1109406492459598_27163724489934442__011_10242528492847057.jpg,garden,train,5
train/garden/1108075092683422_3610446259112947__005_26940246778920536.jpg,garden,train,4
train/garden/1121082361306682_26882773054710926__001_26882773054710926.jpg,garden,train,3
train/garden/1308193765888197_36094584243489039__005_10164755832213254.jpg,garden,train,5
train/garden/1302750086537790_4233297023483067__003_1468820201662836.jpg,garden,train,4
train/garden/1034251924469584_1660106111884159__002_3059017684294359.jpg,garden,train,4
train/garden/1308193765888197_36082631428017654__001_36082631428017654.jpg,garden,train,5
train/garden/128182133878732_27238484022421843__003_3479078848934444.jpg,garden,train,5
train/garden/1692162830827333_26951509197799348__004_10233227310841754.jpg,garden,train,4
train/garden/1175635132590303_3562671660553293__001_1651450970320136.jpg,garden,train,5
train/garden/128182133878732_27238484022421843__004_3479078842267778.jpg,garden,train,5
train/garden/1692162830827333_26973046965645571__002_2430633164115436.jpg,garden,train,5
train/garden/1109406492459598_27215303714776519__005_10237382217153034.jpg,garden,train,4
train/garden/1406864606053059_35303942099251875__001_35303942099251875.jpg,garden,train,5
train/garden/1369521363409648_2784582915236812__012_35915586244721289.jpg,garden,train,4
train/garden/1308193765888197_35941483345465797__001_35941483345465797.jpg,garden,train,5
train/garden/1121082361306682_26871368342518064__004_1288042233396033.jpg,garden,train,5
train/garden/1029345667543954_2388926578252516__005_26719413081050591.jpg,garden,train,4
train/garden/1446203822077011_27367183216219050__002_27731449709791774.jpg,garden,train,4
train/garden/1592420637729022_3948980472073015__009_4286303894847329.jpg,garden,train,5
train/garden/128182133878732_27253136770956568__003_1826125555398584.jpg,garden,train,4
train/garden/1509783812615243_4389354797991449__010_122120245659224081.jpg,garden,train,3
train/garden/1409711522615858_4215245055395810__001_4215245055395810.jpg,garden,train,4
train/garden/162570224559186_2194255991390589__002_26731895863143557.jpg,garden,train,5
train/garden/1302750086537790_4239778689501567__001_4239778689501567.jpg,garden,train,5
train/garden/1109406492459598_27060698776903681__008_122182287692957697.jpg,garden,train,5
train/garden/1414853725269536_26877067098621515__002_10243931618209486.jpg,garden,train,4
train/garden/1665284003691199_4442776115941960__002_26713392358287126.jpg,garden,train,4
train/garden/128182133878732_27241978475405731__001_27241978475405731.jpg,garden,train,4
train/garden/1424244737803677_4555149624713157__005_27611949778406985.jpg,garden,train,5
train/garden/128182133878732_27248955664708012__004_27999052146351556.jpg,garden,train,5
train/garden/1109406492459598_27163724489934442__010_10242528490687003.jpg,garden,train,5
train/garden/101875683484689_2902396806765882__001_2902396806765882.jpg,garden,train,3
train/garden/1592420637729022_3951768525127543__001_3951768525127543.jpg,garden,train,5
train/garden/1424244737803677_4550486865179433__002_10242900521319523.jpg,garden,train,4
train/garden/1592420637729022_3948123212158741__002_26753345614325867.jpg,garden,train,4
train/garden/126295760730491_27803749619225066__011_10165264413856579.jpg,garden,train,4
train/garden/140974480089370_2199498124236985__001_2199498124236985.jpg,garden,train,5
train/garden/125793327613639_3043934242466185__012_26940600075592598.jpg,garden,train,5
train/garden/1250686224969130_26890500827227651__002_27024611463801604.jpg,garden,train,5
train/garden/128182133878732_27283539604582951__008_28036077915982312.jpg,garden,train,4
train/garden/1108280606220345_2680317789016611__004_27261152793476929.jpg,garden,train,5
train/garden/1250686224969130_26903142132630187__008_970825205737110.jpg,garden,train,4
train/garden/101875683484689_2902373643434865__001_2902373643434865.jpg,garden,train,3
train/garden/1564067761059184_2159493954849892__004_4251821955069116.jpg,garden,train,4
train/garden/1131541966889617_26877522665198194__001_26877522665198194.jpg,garden,train,4
train/garden/141224653236180_1854081911950437__005_1672983147500871.jpg,garden,train,4
train/garden/1108280606220345_2678542925860764__001_26814012754935664.jpg,garden,train,5
train/garden/1578259502584829_2457973837946720__004_1599025712225817.jpg,garden,train,5
train/garden/1308193765888197_36038102949137169__007_1616365763271895.jpg,garden,train,5
train/garden/1109406492459598_27220419934264897__002_122157995666418313.jpg,garden,train,3
train/garden/1308193765888197_35909923665288432__006_122174478080612850.jpg,garden,train,5
train/garden/1308193765888197_36064124899868307__008_10242410915231893.jpg,garden,train,4
train/garden/1414853725269536_26905033005824924__008_1270096968658360.jpg,garden,train,5
train/garden/1108075092683422_3621315864692653__001_3621315864692653.jpg,garden,train,5
train/garden/167401334126918_2019574802242886__009_122460823412000588.jpg,garden,train,5
train/garden/128182133878732_27415272901409620__003_1294518962658903.jpg,garden,train,4
train/garden/1308193765888197_36032469836367147__002_27633307262937805.jpg,garden,train,5
train/garden/1108280606220345_2684176675297389__006_1803648620792718.jpg,garden,train,5
train/garden/1374467126144215_4392574391000125__004_27062353350048223.jpg,garden,train,4
train/garden/1662194610917822_2401904560280153__002_27590388287231251.jpg,garden,train,4
train/garden/1293017504164975_4095302713936426__006_122173282851033386.jpg,garden,train,4
train/garden/1185455534885646_26481474544857063__005_26904215475879687.jpg,garden,train,5
train/garden/1532036997126363_4250296058633763__004_10164524325109206.jpg,garden,train,4
train/garden/1532036997126363_4250296058633763__001_4250296058633763.jpg,garden,train,4
train/garden/1108075092683422_3609969889160584__005_26935776149367599.jpg,garden,train,5
train/garden/1175635132590303_3554709378016188__005_1506324871082661.jpg,garden,train,5
train/garden/1308193765888197_35955700937377371__006_27592293917039140.jpg,garden,train,5
train/garden/1446203822077011_27364093729861332__004_959564136592425.jpg,garden,train,4
train/garden/1692162830827333_26978871515063116__001_26978871515063116.jpg,garden,train,5
train/garden/167401334126918_2017334072466959__003_2196221437793578.jpg,garden,train,4
train/garden/1369521363409648_2774406922921078__002_2505656423184118.jpg,garden,train,4
train/garden/1424244737803677_4552069818354471__003_27572839512318012.jpg,garden,train,5
train/garden/1029345667543954_2385027015309139__002_10236501872981312.jpg,garden,train,5
train/garden/1308193765888197_35917958601151605__003_10163203164948505.jpg,garden,train,4
train/garden/1592420637729022_3951768525127543__012_10238569925604476.jpg,garden,train,5
train/garden/1480733602056021_26600951102940924__005_122203163684533021.jpg,garden,train,4
train/garden/1480733602056021_26604432159259485__008_28050043484584854.jpg,garden,train,5
train/garden/1446203822077011_27347047134899325__003_122275941122157046.jpg,garden,train,4
train/garden/1185455534885646_26481474544857063__003_26904215229213045.jpg,garden,train,5
train/garden/128182133878732_27452284661041777__001_34722116867386918.jpg,garden,train,4
train/garden/1665284003691199_4437501266469445__007_3471007343058495.jpg,garden,train,5
train/garden/1444861819075775_4436486376579956__001_4436486376579956.jpg,garden,train,5
train/garden/128182133878732_27350733031196941__006_10241212366187384.jpg,garden,train,5
train/garden/1029345667543954_2385962848548889__001_10164353821749207.jpg,garden,train,5
train/garden/1369521363409648_2780862448942192__002_10242760636176302.jpg,garden,train,5
train/garden/1029345667543954_2391406948004479__002_27446212491630229.jpg,garden,train,5
train/garden/1121067317909873_27780803534842889__006_10230809635295774.jpg,garden,train,5
train/garden/1117824112816877_1665130761419540__001_1665130761419540.jpg,garden,train,4
train/garden/1117824112816877_1669973210935295__006_2259927974814173.jpg,garden,train,4
train/garden/125793327613639_3041862866006656__012_26915228718129734.jpg,garden,train,5
train/garden/1414853725269536_26990735810587976__005_27992728696980671.jpg,garden,train,5
train/garden/141224653236180_1863086527716642__006_10163636377871749.jpg,garden,train,4
train/garden/1117824112816877_1677541256845157__007_2839212969746667.jpg,garden,train,5
train/garden/1308193765888197_35912862771661188__006_27140822992177703.jpg,garden,train,5
train/garden/1692162830827333_27035692529381014__002_35955658870715372.jpg,garden,train,5
train/garden/1485565508385836_4364166687192356__001_4364166687192356.jpg,garden,train,5
train/garden/1029345667543954_2380454665766374__012_1448558047284282.jpg,garden,train,5
train/garden/1450619005248183_4169401036703286__003_10164225332014637.jpg,garden,train,5
train/garden/1414853725269536_26877067098621515__004_10243931618369490.jpg,garden,train,4
train/garden/1029345667543954_2386180625193778__003_1571786738285607.jpg,garden,train,5
train/garden/1480733602056021_26507636745605694__006_2238256946926820.jpg,garden,train,4
train/garden/101875683484689_2901338940205002__004_1282297477439255.jpg,garden,train,4
train/garden/1509783812615243_4374251016168494__005_10164560127663205.jpg,garden,train,4
train/garden/1121067317909873_27791347147121861__001_27791347147121861.jpg,garden,train,5
train/garden/140974480089370_2199715824215215__011_996824713296289.jpg,garden,train,5
train/garden/1108075092683422_3614165168741056__005_36480419608211889.jpg,garden,train,5
train/garden/1108075092683422_3611488222342084__001_1769909714258582.jpg,garden,train,5
train/garden/1308193765888197_35910221618591970__001_35910221618591970.jpg,garden,train,5
train/garden/1117824112816877_1674371003828849__006_10160758208262609.jpg,garden,train,4
train/garden/1308193765888197_36059828263631304__002_10242408372368323.jpg,garden,train,4
train/garden/1308193765888197_36094584243489039__002_10164755831603254.jpg,garden,train,5
train/garden/1374467126144215_4394086340848930__003_26944152745234354.jpg,garden,train,5
train/garden/141600959022510_823737740808825__006_27314500881475526.jpg,garden,train,4
train/garden/1592420637729022_3949018802069182__007_27148416024762829.jpg,garden,train,4
train/garden/1592420637729022_3953773614927034__006_2084382565472263.jpg,garden,train,5
train/garden/1175635132590303_3559393414214451__005_1882592762645227.jpg,garden,train,5
train/garden/1692162830827333_26828259940124275__002_10232957811990253.jpg,garden,train,4
train/garden/1492833544374932_4499363537055236__004_10239350760281094.jpg,garden,train,4
train/garden/1185455534885646_26460371373634047__002_26882863771348191.jpg,garden,train,5
train/garden/1180930655253418_27274345602151900__003_3087458861454152.jpg,garden,train,5
train/garden/1175635132590303_3556677401152719__004_957173870610146.jpg,garden,train,4
train/garden/1592420637729022_3949956798642049__008_10241847964994048.jpg,garden,train,4
train/garden/1308193765888197_36043088591971938__001_36043088591971938.jpg,garden,train,4
train/garden/1302750086537790_4234015973411172__001_1398881484766891.jpg,garden,train,4
train/garden/1121067317909873_27859869460269629__006_10164724705352268.jpg,garden,train,3
train/garden/1029345667543954_2386791805132660__002_36271905605727939.jpg,garden,train,5
train/garden/1109406492459598_27109465045360387__012_10237274477659614.jpg,garden,train,4
train/garden/1108280606220345_2678608875854169__004_10164619311642674.jpg,garden,train,4
train/garden/1466088316786306_26907631068872014__001_26907631068872014.jpg,garden,train,4
train/garden/1369521363409648_2777114359317001__005_26974148998938378.jpg,garden,train,4
train/garden/1374467126144215_4394128734178024__003_26944606545188974.jpg,garden,train,5
train/garden/128182133878732_27332960556307522__001_1601499054244798.jpg,garden,train,4
train/garden/1175635132590303_3562605107226615__002_2433951420350605.jpg,garden,train,4
train/garden/128182133878732_27296266723310239__002_122175882224952568.jpg,garden,train,4
train/garden/1697699190534876_3936089666695806__005_27232635202997563.jpg,garden,train,3
train/garden/1509783812615243_4388875808039348__009_1649344353866098.jpg,garden,train,5
train/garden/151351752255977_1996612591063208__007_2216887715721679.jpg,garden,train,4
train/garden/1117824112816877_1662464691686147__003_10162383133410894.jpg,garden,train,5
train/garden/131650282168271_1335494521783835__004_2013200662633022.jpg,garden,train,4
train/garden/126295760730491_27935943352672358__012_10165317334631579.jpg,garden,train,4
train/garden/1662194610917822_2401994410271168__004_26605020502450539.jpg,garden,train,5
train/garden/162570224559186_2197316237751231__012_27213825658215401.jpg,garden,train,5
train/garden/167401334126918_2014647896068910__010_122282649626187807.jpg,garden,train,3
train/garden/137474916300778_26817152037906370__004_1293111516302019.jpg,garden,train,5
train/garden/1108280606220345_2679684145746642__005_27003309465932041.jpg,garden,train,4
train/garden/1250686224969130_26863359466608454__001_26863359466608454.jpg,garden,train,5
train/garden/1492833544374932_4493310034327253__004_27496086649979681.jpg,garden,train,5
train/garden/136756476866142_2185590811982688__011_4050437818433921.jpg,garden,train,5
train/garden/1446203822077011_27353420397595332__001_27353420397595332.jpg,garden,train,4
train/garden/1624818081000281_3672837936198275__003_10243101770300092.jpg,garden,train,5
train/garden/1100386826745670_27184049387952724__009_896567996739298.jpg,garden,train,4
train/garden/140974480089370_2198874894299308__001_2198874894299308.jpg,garden,train,5
train/garden/162570224559186_2201204730695715__006_27727571720202224.jpg,garden,train,1
train/garden/1175635132590303_3552096914944101__003_122175333350672414.jpg,garden,train,5
train/garden/1592420637729022_3954892191481843__002_35796373520006806.jpg,garden,train,4
train/garden/1175635132590303_3552093281611131__004_122175319682672414.jpg,garden,train,5
train/garden/1665284003691199_4449297825289789__001_4449297825289789.jpg,garden,train,5
train/garden/1308193765888197_36089339740680156__002_27449236167994528.jpg,garden,train,5
train/garden/1665284003691199_4437501266469445__009_3471007513058478.jpg,garden,train,5
train/garden/162570224559186_2197316237751231__011_27213825161548784.jpg,garden,train,5
train/garden/141600959022510_825562793959653__003_1498916378904296.jpg,garden,train,4
train/garden/1302750086537790_4252914218188014__005_122278131266080930.jpg,garden,train,5
train/garden/1117824112816877_1668265104439439__001_1668265104439439.jpg,garden,train,5
train/garden/1308193765888197_36031312906482840__007_10242391763353108.jpg,garden,train,4
train/garden/1308193765888197_36011645945116203__002_2435328836935310.jpg,garden,train,5
train/garden/1644120495892745_3944354189202686__001_3944354189202686.jpg,garden,train,4
train/garden/125793327613639_3041862866006656__011_26915228644796408.jpg,garden,train,4
train/garden/1446203822077011_27325463793724326__003_26728638023412851.jpg,garden,train,3
train/garden/1692162830827333_26835976456019290__008_122155612310962849.jpg,garden,train,5
train/garden/1591401697779759_4250384788548090__006_26720754880878883.jpg,garden,train,4
train/garden/1697699190534876_3925349801103126__008_4271584456490824.jpg,garden,train,4
train/garden/1592420637729022_3959268137710915__004_26880094698350303.jpg,garden,train,3
train/garden/1108280606220345_2682428912138832__001_2682428912138832.jpg,garden,train,5
train/garden/125793327613639_3042792889246987__003_1589020156558042.jpg,garden,train,4
train/garden/167401334126918_2009704879896545__001_2009704879896545.jpg,garden,train,4
train/garden/151351752255977_1996034067787727__001_1996034067787727.jpg,garden,train,5
train/garden/128182133878732_27241978475405731__004_27991716953751742.jpg,garden,train,5
train/garden/128182133878732_27242476258689286__003_3479486398893689.jpg,garden,train,5
train/garden/1308193765888197_36012785525002245__001_36012785525002245.jpg,garden,train,4
train/garden/1108075092683422_3614378895386350__006_10164392764301382.jpg,garden,train,4
train/garden/1532036997126363_4254389718224397__002_27104250382502132.jpg,garden,train,5
train/garden/1369521363409648_2784993188529118__002_1955100461795907.jpg,garden,train,1
train/garden/1175635132590303_3551540554999737__005_122098761518492971.jpg,garden,train,5
train/garden/1131541966889617_26868424036108057__008_10244585833606440.jpg,garden,train,5
train/garden/1644120495892745_3955793991392039__002_10238836329664619.jpg,garden,train,5
train/garden/1444861819075775_4430224813872779__006_10244828954718892.jpg,garden,train,4
train/garden/1665284003691199_4437796489773256__004_1810209286617721.jpg,garden,train,4
train/garden/136756476866142_2178082486066854__001_2178082486066854.jpg,garden,train,5
train/garden/1665284003691199_4439339462952292__004_10163937347843361.jpg,garden,train,4
train/garden/1117824112816877_1672822787317004__004_10236413875859306.jpg,garden,train,4
train/garden/1366132596796007_26730207489961835__005_1584730450322658.jpg,garden,train,5
train/garden/1592420637729022_3953857758251953__009_35479098891704668.jpg,garden,train,5
train/garden/1591401697779759_4239687389617830__001_4239687389617830.jpg,garden,train,4
train/garden/1424244737803677_4563162770578509__007_27713287358273226.jpg,garden,train,5
train/garden/1308193765888197_35960569260223872__002_10242351264260656.jpg,garden,train,4
train/garden/1591401697779759_4242961079290461__002_26623401377280901.jpg,garden,train,3
train/garden/1509783812615243_4390398884553707__005_122276126498149852.jpg,garden,train,4
train/garden/1250686224969130_26791915900419478__008_1982437359310568.jpg,garden,train,4
train/garden/1302750086537790_4238768152935954__005_10163701062113267.jpg,garden,train,5
train/garden/128182133878732_27271438885793023__001_122175883322952568.jpg,garden,train,5
train/garden/1414853725269536_26893459270315631__005_10238651070408807.jpg,garden,train,5
train/garden/108387882545483_27056923230598583__004_2991665571039465.jpg,garden,train,5
train/garden/151351752255977_2000896760634791__001_2196521144425003.jpg,garden,train,3
train/garden/1121067317909873_27696435136613063__005_1676881777069596.jpg,garden,train,4
train/garden/1308193765888197_35989783460635785__007_10242366341117568.jpg,garden,train,4
train/garden/1692162830827333_26893041183646150__006_1500218995141393.jpg,garden,train,5
train/garden/1665284003691199_4437131466506425__005_10163928061663361.jpg,garden,train,4
train/garden/1308193765888197_36057008843913246__001_36057008843913246.jpg,garden,train,5
train/garden/1109406492459598_27070304029276489__008_36540765612189301.jpg,garden,train,4
train/garden/162570224559186_2201932437289611__003_10243542572205078.jpg,garden,train,5
train/garden/133922880497171_2056305408258899__009_1549815393565720.jpg,garden,train,5
train/garden/1293017504164975_4088361111297253__012_1548670830181398.jpg,garden,val,5
train/garden/151351752255977_2005074810216986__002_2225434778200306.jpg,garden,val,5
train/garden/1532036997126363_4247176345612401__002_27191103407148647.jpg,garden,val,5
train/garden/1029345667543954_2391625274649313__003_27449245264660285.jpg,garden,val,4
train/garden/137474916300778_26650257961262446__001_26650257961262446.jpg,garden,val,5
train/garden/1466088316786306_26856143384020783__001_2125169658055706.jpg,garden,val,5
train/garden/1569279603190851_26442458948779572__009_10244365024087035.jpg,garden,val,5
train/garden/1308193765888197_35989783460635785__001_35989783460635785.jpg,garden,val,4
train/garden/1107364326101704_3275276829310432__003_10227454326857739.jpg,garden,val,4
train/garden/1388421434704191_4282299155316390__008_10164185239470902.jpg,garden,val,5
train/garden/1369521363409648_2784761708552266__009_27149136041347027.jpg,garden,val,4
train/garden/1308193765888197_35933289279618537__002_10226170368205859.jpg,garden,val,5
train/garden/1665284003691199_4441862012700037__001_1589703589824696.jpg,garden,val,4
train/garden/1308193765888197_36033550109592453__001_36033550109592453.jpg,garden,val,4
train/garden/167401334126918_2011328729734160__009_4290372511202126.jpg,garden,val,5
train/garden/1450619005248183_4169401036703286__009_10164225331814637.jpg,garden,val,5
train/garden/1029345667543954_2390655894746251__001_2390655894746251.jpg,garden,val,4
train/garden/131650282168271_1333751328624821__008_27414210061510225.jpg,garden,val,5
train/garden/1308193765888197_36065438679736929__003_27651006164501248.jpg,garden,val,5
train/garden/137474916300778_26673389482282627__008_4037967523014284.jpg,garden,val,5
train/garden/1100386826745670_27281980648159597__008_122282303906195815.jpg,garden,val,4
train/garden/1100386826745670_27151303984560598__009_2029880847931695.jpg,garden,val,4
train/garden/1108280606220345_2685146981867025__012_10164178753496797.jpg,garden,val,5
train/garden/1444861819075775_4440733036155290__006_26680914181604186.jpg,garden,val,5
train/garden/1644120495892745_3947017312269707__002_10164036928421168.jpg,garden,val,5
train/garden/1308193765888197_36060519193562211__001_36060519193562211.jpg,garden,val,5
train/garden/1369521363409648_2781271592234611__011_3091193457747369.jpg,garden,val,4
train/garden/1117824112816877_1665078774758072__006_1413234947488513.jpg,garden,val,3
train/garden/1446203822077011_27391816617089043__001_2227283451376273.jpg,garden,val,5
train/garden/1100386826745670_27296583403365988__002_26556359830651662.jpg,garden,val,5
train/garden/1308193765888197_35933992826214849__001_35933992826214849.jpg,garden,val,5
train/garden/1574044329492258_4578706929025968__003_4268593206802765.jpg,garden,val,4
train/garden/1374467126144215_4389562757967955__002_962538783435998.jpg,garden,val,5
train/garden/1308193765888197_35930243646589767__002_27578777728390759.jpg,garden,val,5
train/garden/1308193765888197_36045783861702411__003_841642935231620.jpg,garden,val,3
train/garden/1592420637729022_3952843451686717__002_4325011221045148.jpg,garden,val,5
train/garden/128182133878732_27252425674361011__007_27443235335278375.jpg,garden,val,4
train/garden/1592420637729022_3951578801813182__006_26786512561041851.jpg,garden,val,4
train/garden/1369521363409648_2777999189228518__010_122112313977280637.jpg,garden,val,5
train/garden/1308193765888197_36060519193562211__004_35654077440873478.jpg,garden,val,5
train/kitchen_dining/1302750086537790_4248359328643503__005_122293718624596812.jpg,kitchen_dining,train,2
train/kitchen_dining/151351752255977_1999015000822967__005_2453135981867386.jpg,kitchen_dining,train,4
train/kitchen_dining/1117824112816877_1674306173835332__005_2264307617709542.jpg,kitchen_dining,train,2
train/kitchen_dining/1308193765888197_35930820606532071__003_10242949267371549.jpg,kitchen_dining,train,5
train/kitchen_dining/1564067761059184_2165456260920328__005_26790854413913956.jpg,kitchen_dining,train,2
train/kitchen_dining/1424244737803677_4550598148501638__008_10164071340459393.jpg,kitchen_dining,train,5
train/kitchen_dining/137474916300778_26845641995057374__002_1001207209100499.jpg,kitchen_dining,train,1
train/kitchen_dining/1480733602056021_26611966895172678__002_10165248701006079.jpg,kitchen_dining,train,5
train/kitchen_dining/101875683484689_2906275339711362__005_2368222523590071.jpg,kitchen_dining,train,4
train/kitchen_dining/1697699190534876_3924182307886542__006_27334973629441828.jpg,kitchen_dining,train,3
train/kitchen_dining/1591401697779759_4245662165687019__004_1027998329890595.jpg,kitchen_dining,train,2
train/kitchen_dining/1424244737803677_4565443127017140__001_4565443127017140.jpg,kitchen_dining,train,4
train/kitchen_dining/133922880497171_2055619434994163__003_10164672361289571.jpg,kitchen_dining,train,3
train/kitchen_dining/131650282168271_1327529519247002__002_26906545422295667.jpg,kitchen_dining,train,3
train/kitchen_dining/1293017504164975_4091246567675374__002_3510389869136859.jpg,kitchen_dining,train,3
train/kitchen_dining/1383397445076108_26822621060727063__011_10164192170019907.jpg,kitchen_dining,train,4
train/kitchen_dining/1665284003691199_4442740315945540__005_1966802227260702.jpg,kitchen_dining,train,5
train/kitchen_dining/1692162830827333_26810667645216838__007_2461783167584214.jpg,kitchen_dining,train,4
train/kitchen_dining/1369521363409648_2784685368559900__005_26250842634594077.jpg,kitchen_dining,train,2
train/kitchen_dining/151351752255977_1993659701358497__003_27717482154538511.jpg,kitchen_dining,train,3
train/kitchen_dining/1333924010089214_3462299183918342__010_122211439910510738.jpg,kitchen_dining,train,3
train/kitchen_dining/1302750086537790_4245626568916779__005_1545415840487422.jpg,kitchen_dining,train,4
train/kitchen_dining/1293017504164975_4088287811304583__007_10214248696727725.jpg,kitchen_dining,train,3
train/kitchen_dining/1414853725269536_27002637742731116__007_35796545839960010.jpg,kitchen_dining,train,3
train/kitchen_dining/1108280606220345_2686651148383275__004_999952259090197.jpg,kitchen_dining,train,3
train/kitchen_dining/1108075092683422_3617748655049374__007_26968577876110494.jpg,kitchen_dining,train,1
train/kitchen_dining/1624818081000281_3672956152853120__005_10237220655474698.jpg,kitchen_dining,train,3
train/kitchen_dining/101875683484689_2901987760140120__003_10164697780147317.jpg,kitchen_dining,train,3
train/kitchen_dining/1131541966889617_26981816088102184__004_36572335405687048.jpg,kitchen_dining,train,3
train/kitchen_dining/101875683484689_2907871902885039__002_10242756986721271.jpg,kitchen_dining,train,5
train/kitchen_dining/1369521363409648_2786193411742429__004_2516983732051387.jpg,kitchen_dining,train,2
train/kitchen_dining/167401334126918_2012063236327376__002_4640196556201279.jpg,kitchen_dining,train,3
train/kitchen_dining/1333924010089214_3468676099947317__005_122271731000247365.jpg,kitchen_dining,train,2
train/kitchen_dining/1446203822077011_27370426845894687__008_1715375696135604.jpg,kitchen_dining,train,2
train/kitchen_dining/1578259502584829_2458266701250767__003_2461223101004465.jpg,kitchen_dining,train,5
train/kitchen_dining/1308193765888197_36011173971830067__002_925851723774701.jpg,kitchen_dining,train,4
train/kitchen_dining/1308193765888197_36033550109592453__009_122222009894442003.jpg,kitchen_dining,train,5
train/kitchen_dining/137474916300778_26682784851343090__003_1594643955999914.jpg,kitchen_dining,train,3
train/kitchen_dining/126295760730491_27902556229344404__001_27902556229344404.jpg,kitchen_dining,train,3
train/kitchen_dining/1108280606220345_2682218875493169__001_2682218875493169.jpg,kitchen_dining,train,5
train/kitchen_dining/1592420637729022_3961139330857129__007_4266661320221664.jpg,kitchen_dining,train,5
train/kitchen_dining/1662194610917822_2396064210864188__003_10163798098263503.jpg,kitchen_dining,train,3
train/kitchen_dining/1308193765888197_35909460612001404__005_27396242013306415.jpg,kitchen_dining,train,3
train/kitchen_dining/1308193765888197_36008123642135100__002_27261185713504874.jpg,kitchen_dining,train,3
train/kitchen_dining/1424244737803677_4553164588244994__007_1982880806447490.jpg,kitchen_dining,train,3
train/kitchen_dining/1592420637729022_3961034737534255__003_28036193602635084.jpg,kitchen_dining,train,2
train/kitchen_dining/1592420637729022_3951709965133399__002_27918313507756428.jpg,kitchen_dining,train,5
train/kitchen_dining/162570224559186_2202871643862357__001_2202871643862357.jpg,kitchen_dining,train,2
train/kitchen_dining/1592420637729022_3961599090811153__002_993721496725722.jpg,kitchen_dining,train,4
train/kitchen_dining/167401334126918_2017874142412952__002_26992549927023183.jpg,kitchen_dining,train,3
train/kitchen_dining/108387882545483_27028112973479609__002_27309086165342867.jpg,kitchen_dining,train,3
train/kitchen_dining/109471915759582_36228197690126881__002_26909575595318009.jpg,kitchen_dining,train,3
train/kitchen_dining/1383397445076108_26934204796235355__007_35596428940002643.jpg,kitchen_dining,train,2
train/kitchen_dining/101875683484689_2900538856951677__004_10164252183087645.jpg,kitchen_dining,train,2
train/kitchen_dining/1108075092683422_3624373171053589__004_27254838054132404.jpg,kitchen_dining,train,3
train/kitchen_dining/1592420637729022_3951798238457905__002_26563654979929529.jpg,kitchen_dining,train,3
train/kitchen_dining/1692162830827333_26915254848091450__003_3413624698817047.jpg,kitchen_dining,train,1
train/kitchen_dining/1697699190534876_3932502673721172__005_10225376725963631.jpg,kitchen_dining,train,3
train/kitchen_dining/1446203822077011_27318963814374324__001_27318963814374324.jpg,kitchen_dining,train,4
train/kitchen_dining/1109406492459598_27216862571287300__002_10165371526076742.jpg,kitchen_dining,train,3
train/kitchen_dining/1108075092683422_3617748655049374__005_26968577466110535.jpg,kitchen_dining,train,3
train/kitchen_dining/109471915759582_35895302263416427__005_10163041738439118.jpg,kitchen_dining,train,3
train/kitchen_dining/1108280606220345_2679545919093798__004_1888822142034147.jpg,kitchen_dining,train,5
train/kitchen_dining/128182133878732_27261406270129618__001_27261406270129618.jpg,kitchen_dining,train,4
train/kitchen_dining/1108075092683422_3611386489018924__006_36418519471068570.jpg,kitchen_dining,train,5
train/kitchen_dining/131650282168271_1336958078304146__012_122170009832904798.jpg,kitchen_dining,train,3
train/kitchen_dining/1109406492459598_27073560508950841__002_1610775804384548.jpg,kitchen_dining,train,2
train/kitchen_dining/1662194610917822_2399317373872205__001_2399317373872205.jpg,kitchen_dining,train,3
train/kitchen_dining/140974480089370_2200456557474475__007_4074667896021385.jpg,kitchen_dining,train,5
train/kitchen_dining/1108075092683422_3610203085803931__002_2422304568213463.jpg,kitchen_dining,train,2
train/kitchen_dining/1108280606220345_2687039441677779__003_26793801940229792.jpg,kitchen_dining,train,4
train/kitchen_dining/1697699190534876_3924379014533538__004_2276421002888891.jpg,kitchen_dining,train,3
train/kitchen_dining/167401334126918_2016988772501489__006_122190062900425575.jpg,kitchen_dining,train,2
train/kitchen_dining/131650282168271_1325016802831607__005_10237670183267790.jpg,kitchen_dining,train,1
train/kitchen_dining/1662194610917822_2412112819259327__001_2412112819259327.jpg,kitchen_dining,train,3
train/kitchen_dining/1369521363409648_2784685368559900__006_26250842631260744.jpg,kitchen_dining,train,2
train/kitchen_dining/1444861819075775_4432748700287057__003_3510988749068666.jpg,kitchen_dining,train,3
train/kitchen_dining/141224653236180_1860226024669359__001_1860226024669359.jpg,kitchen_dining,train,1
train/kitchen_dining/1574044329492258_4563217813908213__007_4146202552296523.jpg,kitchen_dining,train,4
train/kitchen_dining/1308193765888197_36061874936759970__004_27466228662974416.jpg,kitchen_dining,train,3
train/kitchen_dining/1692162830827333_26957436757206592__007_1778016560188174.jpg,kitchen_dining,train,4
train/kitchen_dining/109471915759582_35970230185923634__001_35970230185923634.jpg,kitchen_dining,train,5
train/kitchen_dining/101875683484689_2904214196584143__009_10232063806553085.jpg,kitchen_dining,train,3
train/kitchen_dining/1250686224969130_26778221365122265__003_26940702285525707.jpg,kitchen_dining,train,2
train/kitchen_dining/101875683484689_2907259019612994__004_10226787703997320.jpg,kitchen_dining,train,4
train/kitchen_dining/101875683484689_2905157059823190__003_942725475340226.jpg,kitchen_dining,train,3
train/kitchen_dining/128182133878732_27283539604582951__006_28036077385982365.jpg,kitchen_dining,train,2
train/kitchen_dining/132807117125395_2261119557627463__003_10164464156998537.jpg,kitchen_dining,train,2
train/kitchen_dining/1293017504164975_4086345791498785__002_36789816703950879.jpg,kitchen_dining,train,2
train/kitchen_dining/1644120495892745_3946353992336039__006_26529103170051377.jpg,kitchen_dining,train,4
train/kitchen_dining/1665284003691199_4436475973238641__007_1809107933394523.jpg,kitchen_dining,train,4
train/kitchen_dining/1444861819075775_4436519699909957__002_26839516832324332.jpg,kitchen_dining,train,4
train/kitchen_dining/140974480089370_2200345010818963__005_3128325190708082.jpg,kitchen_dining,train,4
train/kitchen_dining/1029345667543954_2391672317977942__006_28195947903326125.jpg,kitchen_dining,train,4
train/kitchen_dining/1414853725269536_26895722856755939__011_2564942280628223.jpg,kitchen_dining,train,4
train/kitchen_dining/133922880497171_2057915011431272__003_4038147839651442.jpg,kitchen_dining,train,4
train/kitchen_dining/131650282168271_1331170298882924__004_122135779293205308.jpg,kitchen_dining,train,1
train/kitchen_dining/1388421434704191_4273324909547148__004_10164474678223970.jpg,kitchen_dining,train,3
train/kitchen_dining/1624818081000281_3672975782851157__007_1685872495895729.jpg,kitchen_dining,train,2
train/kitchen_dining/1029345667543954_2389169291561578__008_10216365424365489.jpg,kitchen_dining,train,4
train/kitchen_dining/1644120495892745_3949221122049326__003_10236979633123812.jpg,kitchen_dining,train,5
train/kitchen_dining/1131541966889617_26975787082038418__001_27007652805590010.jpg,kitchen_dining,train,5
train/kitchen_dining/1592420637729022_3947784962192566__002_122111742747287745.jpg,kitchen_dining,train,3
train/kitchen_dining/1374467126144215_4392749894315908__004_10164254176989487.jpg,kitchen_dining,train,3
train/kitchen_dining/1333924010089214_3462857253862535__003_27863456803242737.jpg,kitchen_dining,train,4
train/kitchen_dining/109471915759582_36080181141595204__007_26930262999919503.jpg,kitchen_dining,train,5
train/kitchen_dining/1446203822077011_27357325920538113__005_10232720119440707.jpg,kitchen_dining,train,4
train/kitchen_dining/1692162830827333_26843490295267906__002_10228729417894532.jpg,kitchen_dining,train,3
train/kitchen_dining/1424244737803677_4565916236969829__001_4565916236969829.jpg,kitchen_dining,train,3
train/kitchen_dining/111163552234056_27894914943432210__009_10165608386428013.jpg,kitchen_dining,train,5
train/kitchen_dining/1394256424177525_4360954670841004__010_122169228284850325.jpg,kitchen_dining,train,3
train/kitchen_dining/1109406492459598_27118407254466166__005_36632170426382152.jpg,kitchen_dining,train,4
train/kitchen_dining/1444861819075775_4440721296156464__003_27626233240310986.jpg,kitchen_dining,train,4
train/kitchen_dining/101875683484689_2905083543163875__001_2315865438937875.jpg,kitchen_dining,train,5
train/kitchen_dining/1592420637729022_3962292637408465__010_2091314034779116.jpg,kitchen_dining,train,2
train/kitchen_dining/110907419268500_2724241221268427__001_2724241221268427.jpg,kitchen_dining,train,3
train/kitchen_dining/1692162830827333_27004986569118277__003_27254124820890921.jpg,kitchen_dining,train,4
train/kitchen_dining/101875683484689_2905257263146503__007_1503134224857843.jpg,kitchen_dining,train,4
train/kitchen_dining/1308193765888197_35958261990454599__003_10244825978527052.jpg,kitchen_dining,train,2
train/kitchen_dining/1383397445076108_26941650118824156__002_10164549587869791.jpg,kitchen_dining,train,3
train/kitchen_dining/1446203822077011_27298449829759056__006_1518994186904949.jpg,kitchen_dining,train,4
train/kitchen_dining/1591401697779759_4245610142358888__004_122236478924291655.jpg,kitchen_dining,train,2
train/kitchen_dining/1250686224969130_26832133726397695__010_35850787551201630.jpg,kitchen_dining,train,3
train/kitchen_dining/133922880497171_2057915011431272__001_2057915011431272.jpg,kitchen_dining,train,4
train/kitchen_dining/1109406492459598_27225181167122107__001_36788412880757905.jpg,kitchen_dining,train,3
train/kitchen_dining/1446203822077011_27392022143735157__002_10237471591823716.jpg,kitchen_dining,train,3
train/kitchen_dining/126295760730491_27977066401893386__002_10241572043466735.jpg,kitchen_dining,train,4
train/kitchen_dining/128182133878732_27437716995831877__005_36479630958302158.jpg,kitchen_dining,train,3
train/kitchen_dining/167401334126918_2019870938879939__007_26916356024651731.jpg,kitchen_dining,train,3
train/kitchen_dining/1302750086537790_4239343709545065__003_10244523581850942.jpg,kitchen_dining,train,3
train/kitchen_dining/109471915759582_36021925824087403__004_27195239690080749.jpg,kitchen_dining,train,2
train/kitchen_dining/115046608513246_36156063110651473__003_10237038445085389.jpg,kitchen_dining,train,2
train/kitchen_dining/1592420637729022_3952125408425188__004_35733144009663091.jpg,kitchen_dining,train,2
train/kitchen_dining/131650282168271_1337991044867516__005_26768629676079709.jpg,kitchen_dining,train,2
train/kitchen_dining/1424244737803677_4550252031869583__007_1980256053376632.jpg,kitchen_dining,train,3
train/kitchen_dining/1592420637729022_3953120804992315__003_2476056226173910.jpg,kitchen_dining,train,2
train/kitchen_dining/1424244737803677_4553015484926571__007_1982746176460953.jpg,kitchen_dining,train,3
train/kitchen_dining/1366132596796007_26730082726640978__004_1584705603658476.jpg,kitchen_dining,train,5
train/kitchen_dining/1578259502584829_2451930205217750__003_10164000593388076.jpg,kitchen_dining,train,3
train/kitchen_dining/1692162830827333_27031385096478424__003_122181961526594872.jpg,kitchen_dining,train,2
train/kitchen_dining/1564067761059184_2157075925091695__002_10243171701651707.jpg,kitchen_dining,train,2
train/kitchen_dining/101875683484689_2900904230248473__005_10162990214530745.jpg,kitchen_dining,train,4
train/kitchen_dining/1414853725269536_27005434089118148__004_1504253491235814.jpg,kitchen_dining,train,3
train/kitchen_dining/1665284003691199_4441862012700037__003_1589703059824749.jpg,kitchen_dining,train,4
train/kitchen_dining/1692162830827333_26939630295653905__011_26970186062624452.jpg,kitchen_dining,train,4
train/kitchen_dining/1108280606220345_2678077112574012__001_2678077112574012.jpg,kitchen_dining,train,3
train/kitchen_dining/167401334126918_2013663536167346__002_10214905569789397.jpg,kitchen_dining,train,4
train/kitchen_dining/140974480089370_2200607547459376__010_27265063613119898.jpg,kitchen_dining,train,3
train/kitchen_dining/151351752255977_2007563406634793__008_28289820633939931.jpg,kitchen_dining,train,3
train/kitchen_dining/1108280606220345_2678441295870927__006_10166381212382439.jpg,kitchen_dining,train,4
train/kitchen_dining/1424244737803677_4565968120297974__003_122199537266498971.jpg,kitchen_dining,train,3
train/kitchen_dining/140974480089370_2199957960857668__002_4047452412064945.jpg,kitchen_dining,train,2
train/kitchen_dining/128182133878732_27260785653525013__004_1604641141111024.jpg,kitchen_dining,train,4
train/kitchen_dining/1692162830827333_26941887755428159__001_26941887755428159.jpg,kitchen_dining,train,5
train/kitchen_dining/125793327613639_3043457615847181__001_3043457615847181.jpg,kitchen_dining,train,3
train/kitchen_dining/1131362134634837_1601872520917127__005_35619991414282121.jpg,kitchen_dining,train,3
train/kitchen_dining/1374467126144215_4387636084827289__008_2775055382847828.jpg,kitchen_dining,train,3
train/kitchen_dining/1578259502584829_2452635108480593__002_1605712504893604.jpg,kitchen_dining,train,2
train/kitchen_dining/140974480089370_2200469644139833__001_2200469644139833.jpg,kitchen_dining,train,3
train/kitchen_dining/1592420637729022_3952166675087728__002_122130285147157413.jpg,kitchen_dining,train,3
train/kitchen_dining/151351752255977_2002779573779843__003_2223124808431303.jpg,kitchen_dining,train,1
train/kitchen_dining/101875683484689_2900179736987589__003_27635640712705899.jpg,kitchen_dining,train,3
train/kitchen_dining/1388421434704191_4282575601955412__012_2270127903791999.jpg,kitchen_dining,train,2
train/kitchen_dining/115046608513246_35791303353794119__007_26821763154123293.jpg,kitchen_dining,train,3
train/kitchen_dining/162570224559186_2189658431850345__005_958877996905021.jpg,kitchen_dining,train,4
train/kitchen_dining/1662194610917822_2408635619607047__002_3108634769344186.jpg,kitchen_dining,train,3
train/kitchen_dining/1665284003691199_4435579819994923__002_1961086137832311.jpg,kitchen_dining,train,4
train/kitchen_dining/1697699190534876_3929778430660263__004_27705618802373191.jpg,kitchen_dining,train,2
train/kitchen_dining/1374467126144215_4390462357877995__011_27179152915013363.jpg,kitchen_dining,train,2
train/kitchen_dining/1302750086537790_4256521221160647__004_4795897373963917.jpg,kitchen_dining,train,3
train/kitchen_dining/1564067761059184_2164512357681385__003_1564030239065636.jpg,kitchen_dining,train,2
train/kitchen_dining/1592420637729022_3958490977788631__005_10164215994250269.jpg,kitchen_dining,train,4
train/kitchen_dining/1592420637729022_3952758318361897__001_3952758318361897.jpg,kitchen_dining,train,3
train/kitchen_dining/162570224559186_2187244348758420__006_26760652663621923.jpg,kitchen_dining,train,4
train/kitchen_dining/1591401697779759_4245469619039607__007_3856895991113993.jpg,kitchen_dining,train,3
train/kitchen_dining/108387882545483_27227462076878030__007_26440399028995469.jpg,kitchen_dining,train,3
train/kitchen_dining/115046608513246_36028938680030584__010_10163942248568145.jpg,kitchen_dining,train,3
train/kitchen_dining/1569279603190851_26527800693578730__007_10244475956140267.jpg,kitchen_dining,train,5
train/kitchen_dining/1108075092683422_3617748655049374__006_26968577669443848.jpg,kitchen_dining,train,3
train/kitchen_dining/167401334126918_2014723456061354__002_26837144099239591.jpg,kitchen_dining,train,3
train/kitchen_dining/1409711522615858_4215795442007438__004_10241160075399578.jpg,kitchen_dining,train,4
train/kitchen_dining/1592420637729022_3955765658061163__005_27968589999395445.jpg,kitchen_dining,train,2
train/kitchen_dining/131650282168271_1335494521783835__008_2013200709299684.jpg,kitchen_dining,train,5
train/kitchen_dining/1444861819075775_4441878916040702__001_4441878916040702.jpg,kitchen_dining,train,3
train/kitchen_dining/1692162830827333_26834831782800424__001_26834831782800424.jpg,kitchen_dining,train,3
train/kitchen_dining/1108280606220345_2678865445828512__004_10241616748896392.jpg,kitchen_dining,train,4
train/kitchen_dining/109471915759582_35951146667831986__006_1464896992321510.jpg,kitchen_dining,train,3
train/kitchen_dining/1108280606220345_2677818332599890__003_10242475506282235.jpg,kitchen_dining,train,3
train/kitchen_dining/1108280606220345_2687183848330005__009_26795902500019736.jpg,kitchen_dining,train,3
train/kitchen_dining/109471915759582_36089932200620098__009_27231561763115208.jpg,kitchen_dining,train,3
train/kitchen_dining/111163552234056_27885706541019717__005_4184353378491801.jpg,kitchen_dining,train,5
train/kitchen_dining/1369521363409648_2784082408620196__001_2784082408620196.jpg,kitchen_dining,train,5
train/kitchen_dining/1308193765888197_35936720362608762__005_27410695521861064.jpg,kitchen_dining,train,4
train/kitchen_dining/1029345667543954_2389039151574592__009_27533352269595539.jpg,kitchen_dining,train,3
train/kitchen_dining/136756476866142_2180032332538536__005_10242491407000494.jpg,kitchen_dining,train,3
train/kitchen_dining/126295760730491_28002126689387357__003_10164193430447911.jpg,kitchen_dining,train,2
train/kitchen_dining/1697699190534876_3926135287691244__002_27005477725743450.jpg,kitchen_dining,train,4
train/kitchen_dining/1250686224969130_26795484243395977__005_1009285358202463.jpg,kitchen_dining,train,4
train/kitchen_dining/126295760730491_28004127105853982__002_10241603877102556.jpg,kitchen_dining,train,4
train/kitchen_dining/1697699190534876_3926239014347538__004_2278089029388755.jpg,kitchen_dining,train,3
train/kitchen_dining/110907419268500_2722919531400596__001_2722919531400596.jpg,kitchen_dining,train,1
train/kitchen_dining/1424244737803677_4551963058365147__002_27924105053843690.jpg,kitchen_dining,train,1
train/kitchen_dining/1383397445076108_26982727761383058__001_3465692866922451.jpg,kitchen_dining,train,3
train/kitchen_dining/131650282168271_1329102682423019__004_969863849189966.jpg,kitchen_dining,train,4
train/kitchen_dining/111163552234056_27883052204618484__009_2519125415270444.jpg,kitchen_dining,train,4
train/kitchen_dining/101875683484689_2907997126205850__005_36290009307256723.jpg,kitchen_dining,train,2
train/kitchen_dining/1485565508385836_4367304233545268__003_10244435795055710.jpg,kitchen_dining,train,3
train/kitchen_dining/1592420637729022_3953344414969954__004_10241892931678187.jpg,kitchen_dining,train,3
train/kitchen_dining/128182133878732_27277702295166682__003_1497423445408794.jpg,kitchen_dining,train,4
train/kitchen_dining/1564067761059184_2160541588078462__004_2810849749258538.jpg,kitchen_dining,train,5
train/kitchen_dining/1424244737803677_4553202914907828__002_1503541774636457.jpg,kitchen_dining,train,3
train/kitchen_dining/1644120495892745_3942615696043202__005_10164711686223699.jpg,kitchen_dining,train,5
train/kitchen_dining/1308193765888197_36036269172653880__004_27276131278676984.jpg,kitchen_dining,train,4
train/kitchen_dining/1108280606220345_2682310338817356__008_10173777873245618.jpg,kitchen_dining,train,3
train/kitchen_dining/1444861819075775_4430189983876262__004_26555288610833411.jpg,kitchen_dining,train,3
train/kitchen_dining/167401334126918_2013689676164732__004_1469760551566265.jpg,kitchen_dining,train,3
train/kitchen_dining/128182133878732_27243707541899491__001_27243707541899491.jpg,kitchen_dining,train,5
train/kitchen_dining/1446203822077011_27352717994332239__012_122174235128937818.jpg,kitchen_dining,train,3
train/kitchen_dining/128182133878732_27254904734113105__005_1284390800338386.jpg,kitchen_dining,train,4
train/kitchen_dining/1108280606220345_2687080201673703__004_996903253280240.jpg,kitchen_dining,train,3
train/kitchen_dining/101875683484689_2900031640335732__006_26769763066012592.jpg,kitchen_dining,train,3
train/kitchen_dining/1592420637729022_3956244621346600__003_10241930750983646.jpg,kitchen_dining,train,3
train/kitchen_dining/1446203822077011_27326665090270863__002_884346944680994.jpg,kitchen_dining,train,3
train/kitchen_dining/1592420637729022_3952958061675256__007_26620929184266838.jpg,kitchen_dining,train,5
train/kitchen_dining/126295760730491_27791412287125466__002_10233033899138377.jpg,kitchen_dining,train,3
train/kitchen_dining/1424244737803677_4556976711197115__004_122217773798572468.jpg,kitchen_dining,train,4
train/kitchen_dining/125793327613639_3044757705717172__005_1012069611323778.jpg,kitchen_dining,train,3
train/kitchen_dining/125793327613639_3041919486000994__004_27658879973714879.jpg,kitchen_dining,train,1
train/kitchen_dining/128182133878732_27374006395536271__002_10165552019383532.jpg,kitchen_dining,train,3
train/kitchen_dining/1108075092683422_3622050141285892__008_10164247220743334.jpg,kitchen_dining,train,3
train/kitchen_dining/125793327613639_3042413322618277__002_4236970616446442.jpg,kitchen_dining,train,3
train/kitchen_dining/101875683484689_2900002070338689__004_10164162332899568.jpg,kitchen_dining,train,4
train/kitchen_dining/1578259502584829_2455924994818271__001_2455924994818271.jpg,kitchen_dining,train,4
train/kitchen_dining/1121067317909873_27724460563810520__004_122244448148102534.jpg,kitchen_dining,train,3
train/kitchen_dining/1424244737803677_4559654437596009__002_1223665606356298.jpg,kitchen_dining,train,3
train/kitchen_dining/1108075092683422_3611272765696963__006_10241934088358924.jpg,kitchen_dining,train,3
train/kitchen_dining/1592420637729022_3951118228525906__003_27429194223344678.jpg,kitchen_dining,train,4
train/kitchen_dining/1333924010089214_3460610794087181__004_122307564188222927.jpg,kitchen_dining,train,2
train/kitchen_dining/110907419268500_2723060268053189__004_10233062081361936.jpg,kitchen_dining,train,5
train/kitchen_dining/131650282168271_1324393846227236__005_27276019098650409.jpg,kitchen_dining,train,5
train/kitchen_dining/133922880497171_2056123328277107__002_10164674651964571.jpg,kitchen_dining,train,2
train/kitchen_dining/1444861819075775_4434384793456781__010_10243390791085408.jpg,kitchen_dining,train,5
train/kitchen_dining/1100386826745670_27168374739520189__007_1420372946773933.jpg,kitchen_dining,train,5
train/kitchen_dining/1692162830827333_27008889168728017__002_1655121339150356.jpg,kitchen_dining,train,1
train/kitchen_dining/1302750086537790_4238080209671415__001_4238080209671415.jpg,kitchen_dining,train,3
train/kitchen_dining/132807117125395_2252034241869328__003_26707373252218388.jpg,kitchen_dining,train,2
train/kitchen_dining/1108280606220345_2678441295870927__005_10166381212277439.jpg,kitchen_dining,train,4
train/kitchen_dining/1409711522615858_4201068543480128__004_10242338396053624.jpg,kitchen_dining,train,3
train/kitchen_dining/1665284003691199_4441860609366844__003_1589703059824749.jpg,kitchen_dining,train,4
train/kitchen_dining/1308193765888197_35934210859526379__004_10163601510801773.jpg,kitchen_dining,train,3
train/kitchen_dining/1250686224969130_26836486152629119__004_10232131114036614.jpg,kitchen_dining,train,2
train/kitchen_dining/1574044329492258_4580522635511064__008_27828836340050686.jpg,kitchen_dining,train,3
train/kitchen_dining/1574044329492258_4578263745736953__005_2147868732727676.jpg,kitchen_dining,train,3
train/kitchen_dining/109471915759582_36083720737907911__002_10244727704073260.jpg,kitchen_dining,train,3
train/kitchen_dining/115046608513246_35835612512696536__006_10164027881332230.jpg,kitchen_dining,train,3
train/kitchen_dining/131650282168271_1329581542375133__008_27519992090920916.jpg,kitchen_dining,train,5
train/kitchen_dining/1480733602056021_26598908193145215__001_26598908193145215.jpg,kitchen_dining,train,3
train/kitchen_dining/1697699190534876_3926739834297456__003_3493450734154893.jpg,kitchen_dining,train,4
train/kitchen_dining/1692162830827333_26966432509640350__004_2425471994637259.jpg,kitchen_dining,train,3
train/kitchen_dining/137474916300778_26720919474196294__001_26720919474196294.jpg,kitchen_dining,train,3
train/kitchen_dining/1446203822077011_27329151996688839__003_27907429182185886.jpg,kitchen_dining,train,4
train/kitchen_dining/101875683484689_2905411733131056__004_36148034591446662.jpg,kitchen_dining,train,3
train/kitchen_dining/131650282168271_1326828842650403__004_2164515744285650.jpg,kitchen_dining,train,4
train/kitchen_dining/1592420637729022_3958546684449727__010_27265182786419485.jpg,kitchen_dining,train,3
train/kitchen_dining/151351752255977_2002779573779843__002_2223124795097971.jpg,kitchen_dining,train,1
train/kitchen_dining/151351752255977_2005815216809612__002_27897198176566907.jpg,kitchen_dining,train,3
train/kitchen_dining/1480733602056021_26519693624400006__002_26863455716583908.jpg,kitchen_dining,train,3
train/kitchen_dining/1250686224969130_26836071092670625__003_3011697965696709.jpg,kitchen_dining,train,3
train/kitchen_dining/1302750086537790_4246372762175493__005_10163366326847832.jpg,kitchen_dining,train,3
train/kitchen_dining/167401334126918_2011087366424963__001_2011087366424963.jpg,kitchen_dining,train,2
train/kitchen_dining/1446203822077011_27391491847121520__003_4405652803087268.jpg,kitchen_dining,train,3
train/kitchen_dining/1302750086537790_4233559926790110__006_10241156243344054.jpg,kitchen_dining,train,3
train/kitchen_dining/101875683484689_2906886736316889__003_27724785310458105.jpg,kitchen_dining,train,3
train/kitchen_dining/1383397445076108_26935959186059916__001_3444512612373810.jpg,kitchen_dining,train,4
train/kitchen_dining/1029345667543954_2385044705307370__002_27396489093281707.jpg,kitchen_dining,train,2
train/kitchen_dining/1109406492459598_27240073122299578__004_122169848060808605.jpg,kitchen_dining,train,3
train/kitchen_dining/110907419268500_2730700837289132__005_26768725332736810.jpg,kitchen_dining,train,2
train/kitchen_dining/1109406492459598_27058466897126869__007_27841604868763128.jpg,kitchen_dining,train,3
train/kitchen_dining/125793327613639_3043611462498463__003_27173230392331190.jpg,kitchen_dining,train,2
train/kitchen_dining/1444861819075775_4444260745802519__002_10238903129930441.jpg,kitchen_dining,train,5
train/kitchen_dining/1424244737803677_4565968120297974__006_122199537290498971.jpg,kitchen_dining,train,3
train/kitchen_dining/1109406492459598_27144454761861415__001_2375976749546369.jpg,kitchen_dining,train,2
train/kitchen_dining/131650282168271_1325724076094213__004_2814889382190843.jpg,kitchen_dining,train,2
train/kitchen_dining/1697699190534876_3929000337404739__004_2280585682472423.jpg,kitchen_dining,train,3
train/kitchen_dining/1532036997126363_4248019365528099__006_26866278049635232.jpg,kitchen_dining,train,3
train/kitchen_dining/101875683484689_2902115543460675__004_10165398453162590.jpg,kitchen_dining,train,3
train/kitchen_dining/1509783812615243_4390101524583443__002_10233403254250463.jpg,kitchen_dining,train,4
train/kitchen_dining/1444861819075775_4430617847166809__002_10227135681377867.jpg,kitchen_dining,train,4
train/kitchen_dining/101875683484689_2907012069637689__005_10164671039878538.jpg,kitchen_dining,train,5
train/kitchen_dining/151351752255977_1995852174472583__001_1995852174472583.jpg,kitchen_dining,train,3
train/kitchen_dining/101875683484689_2899476243724605__001_2899476243724605.jpg,kitchen_dining,train,2
train/kitchen_dining/1532036997126363_4253556231641079__001_1487298823192971.jpg,kitchen_dining,train,5
train/kitchen_dining/111163552234056_27672137022376671__003_35305525815758651.jpg,kitchen_dining,train,3
train/kitchen_dining/1424244737803677_4557073357854117__007_1986278682774369.jpg,kitchen_dining,train,3
train/kitchen_dining/109471915759582_36214837684796215__002_26832593333018129.jpg,kitchen_dining,train,2
train/kitchen_dining/109471915759582_36182151464731504__006_1445774934227853.jpg,kitchen_dining,train,5
train/kitchen_dining/131650282168271_1325127042820583__002_10226778377763911.jpg,kitchen_dining,train,5
train/kitchen_dining/1109406492459598_27120464127593812__001_27120464127593812.jpg,kitchen_dining,train,3
train/kitchen_dining/133922880497171_2055542781668495__006_10164672106449571.jpg,kitchen_dining,train,3
train/kitchen_dining/1369521363409648_2780796642282106__003_27653602580907529.jpg,kitchen_dining,train,4
train/kitchen_dining/140974480089370_2199018654284932__009_2825032087856876.jpg,kitchen_dining,train,5
train/kitchen_dining/1446203822077011_27315642174706488__002_122161520414819325.jpg,kitchen_dining,train,2
train/kitchen_dining/1592420637729022_3953781114926284__003_10164751147803699.jpg,kitchen_dining,train,3
train/kitchen_dining/1592420637729022_3960064310964631__003_1699376654825509.jpg,kitchen_dining,train,4
train/kitchen_dining/1175635132590303_3556612864492506__007_10243754646830428.jpg,kitchen_dining,train,3
train/kitchen_dining/1692162830827333_27032948929655374__005_26983946964555404.jpg,kitchen_dining,train,4
train/kitchen_dining/1532036997126363_4252541888409180__005_10163178297043175.jpg,kitchen_dining,train,3
train/kitchen_dining/1250686224969130_26815332481411153__003_10240237151124571.jpg,kitchen_dining,train,4
train/kitchen_dining/1250686224969130_26798635293080872__005_1009553214842344.jpg,kitchen_dining,train,4
train/kitchen_dining/115046608513246_35935525596038560__001_35935525596038560.jpg,kitchen_dining,train,2
train/kitchen_dining/1592420637729022_3954783948159334__006_2085215328722320.jpg,kitchen_dining,train,4
train/kitchen_dining/1333924010089214_3462857253862535__006_27863457166576034.jpg,kitchen_dining,train,4
train/kitchen_dining/1308193765888197_35941679838779481__005_10162832370813365.jpg,kitchen_dining,train,4
train/kitchen_dining/111163552234056_27721315807458792__004_122265172688163851.jpg,kitchen_dining,train,4
train/kitchen_dining/101875683484689_2907173226288240__003_27728236900112946.jpg,kitchen_dining,train,3
train/kitchen_dining/1108280606220345_2685120048536385__004_2963289057207987.jpg,kitchen_dining,train,3
train/kitchen_dining/1108075092683422_3611456965678543__005_1536936364802415.jpg,kitchen_dining,train,5
train/kitchen_dining/151351752255977_1992844851439982__003_27706488182304575.jpg,kitchen_dining,train,3
train/kitchen_dining/137474916300778_26778050508483190__011_4044825275661842.jpg,kitchen_dining,train,3
train/kitchen_dining/140974480089370_2199060717614059__002_27367701116156305.jpg,kitchen_dining,train,3
train/kitchen_dining/1293017504164975_4075038389296192__003_10240265498191823.jpg,kitchen_dining,train,4
train/kitchen_dining/1250686224969130_26790458947231840__004_10240205469692555.jpg,kitchen_dining,train,4
train/kitchen_dining/128182133878732_27415461474724096__002_4579055122418605.jpg,kitchen_dining,train,4
train/kitchen_dining/1697699190534876_3935773540060752__004_1656907748888721.jpg,kitchen_dining,train,4
train/kitchen_dining/1532036997126363_4263293160667386__003_10244791811317097.jpg,kitchen_dining,train,4
train/kitchen_dining/1569279603190851_26442458948779572__004_1322446729760785.jpg,kitchen_dining,train,2
train/kitchen_dining/110907419268500_2729810094044873__011_10164192170019907.jpg,kitchen_dining,train,4
train/kitchen_dining/1374467126144215_4380353365555561__003_10164203957424487.jpg,kitchen_dining,train,3
train/kitchen_dining/126295760730491_27895511486715545__010_10239364270938852.jpg,kitchen_dining,train,3
train/kitchen_dining/1665284003691199_4442748135944758__005_2052887888966599.jpg,kitchen_dining,train,5
train/kitchen_dining/1644120495892745_3944308512540587__003_10226479159439898.jpg,kitchen_dining,train,3
train/kitchen_dining/1692162830827333_26916342991315969__011_26946904691619256.jpg,kitchen_dining,train,4
train/kitchen_dining/1414853725269536_26998664323128458__003_10236175865149879.jpg,kitchen_dining,train,4
train/kitchen_dining/1108075092683422_3619148918242681__003_122136577665157562.jpg,kitchen_dining,train,4
train/kitchen_dining/125793327613639_3041839392675670__002_122196487064767586.jpg,kitchen_dining,train,3
train/kitchen_dining/1532036997126363_4249178415412194__003_27626659046924327.jpg,kitchen_dining,train,5
train/kitchen_dining/137474916300778_26684388071182768__004_898143389846528.jpg,kitchen_dining,train,4
train/kitchen_dining/1480733602056021_26563306500038718__001_26563306500038718.jpg,kitchen_dining,train,3
train/kitchen_dining/162570224559186_2202876340528554__003_2024173685144582.jpg,kitchen_dining,train,4
train/kitchen_dining/109471915759582_35916972324582754__005_2052543112386251.jpg,kitchen_dining,train,2
train/kitchen_dining/1424244737803677_4554038564824263__007_1983616066373964.jpg,kitchen_dining,train,3
train/kitchen_dining/1644120495892745_3945762599061845__001_3945762599061845.jpg,kitchen_dining,train,5
train/kitchen_dining/1131541966889617_26925430570407403__001_27853790454220958.jpg,kitchen_dining,train,5
train/kitchen_dining/1624818081000281_3672922252856510__001_3672922252856510.jpg,kitchen_dining,train,2
train/kitchen_dining/1131541966889617_26900387982911662__001_26970858659175881.jpg,kitchen_dining,train,5
train/kitchen_dining/167401334126918_2017867575746942__002_26886468100973857.jpg,kitchen_dining,train,3
train/kitchen_dining/1369521363409648_2779585305736573__003_2574473579675093.jpg,kitchen_dining,train,3
train/kitchen_dining/167401334126918_2011098466423853__004_26784134037873931.jpg,kitchen_dining,train,4
train/kitchen_dining/1644120495892745_3944154019222703__006_10164447821748816.jpg,kitchen_dining,train,3
train/kitchen_dining/1446203822077011_27316025928001446__001_2311779445898123.jpg,kitchen_dining,train,3
train/kitchen_dining/1308193765888197_36060237243590406__007_10164215980817270.jpg,kitchen_dining,train,5
train/kitchen_dining/110907419268500_2731460167213199__002_27586782564256124.jpg,kitchen_dining,train,2
train/kitchen_dining/131650282168271_1338852581448029__007_4254590718204473.jpg,kitchen_dining,train,2
train/kitchen_dining/131650282168271_1334844441848843__001_1334844441848843.jpg,kitchen_dining,train,3
train/kitchen_dining/1658210834462300_4478410495775639__007_26551905337842821.jpg,kitchen_dining,train,3
train/kitchen_dining/125793327613639_3043549462504663__003_4040503456082547.jpg,kitchen_dining,train,3
train/kitchen_dining/1446203822077011_27397329476537757__003_1510656027431023.jpg,kitchen_dining,train,4
train/kitchen_dining/1692162830827333_27034573859492881__005_27283824011254335.jpg,kitchen_dining,train,4
train/kitchen_dining/1592420637729022_3952841951686867__007_26799864699706637.jpg,kitchen_dining,train,2
train/kitchen_dining/1697699190534876_3929816337323139__007_122123858037225802.jpg,kitchen_dining,train,1
train/kitchen_dining/162570224559186_2189658431850345__002_958877926905028.jpg,kitchen_dining,train,3
train/kitchen_dining/1108280606220345_2677970425918014__004_27283480881249943.jpg,kitchen_dining,train,3
train/kitchen_dining/125793327613639_3044538272405782__010_27692748250328051.jpg,kitchen_dining,train,4
train/kitchen_dining/167401334126918_2019694092230957__003_1476179020924418.jpg,kitchen_dining,train,3
train/kitchen_dining/1569279603190851_26383766101315524__006_27647141901541623.jpg,kitchen_dining,train,3
train/kitchen_dining/128182133878732_27249507297986182__006_36122790197319571.jpg,kitchen_dining,train,3
train/kitchen_dining/128182133878732_27251458047791107__007_2737988649919546.jpg,kitchen_dining,train,3
train/kitchen_dining/131650282168271_1336391545027466__005_35596412870004250.jpg,kitchen_dining,train,3
train/kitchen_dining/109471915759582_36215783264701657__005_27298387319765985.jpg,kitchen_dining,train,2
train/kitchen_dining/1578259502584829_2451827951894642__004_122183670920957697.jpg,kitchen_dining,train,4
train/kitchen_dining/1388421434704191_4281570015389304__003_10244245368808420.jpg,kitchen_dining,train,3
train/kitchen_dining/1131541966889617_26890850843865376__002_26551239444560953.jpg,kitchen_dining,train,3
train/kitchen_dining/1117824112816877_1670243554241594__003_952256367445866.jpg,kitchen_dining,train,3
train/kitchen_dining/1658210834462300_4490349257915096__004_10164162061073396.jpg,kitchen_dining,train,1
train/kitchen_dining/1446203822077011_27369958589274846__003_887232337725788.jpg,kitchen_dining,train,1
train/kitchen_dining/167401334126918_2011405949726438__005_27688047610784044.jpg,kitchen_dining,train,3
train/kitchen_dining/137474916300778_26671815455773363__011_4037779566366413.jpg,kitchen_dining,train,3
train/kitchen_dining/167401334126918_2011784339688599__010_1578544077612479.jpg,kitchen_dining,train,4
train/kitchen_dining/1109406492459598_27086258034347755__002_2999261403605864.jpg,kitchen_dining,train,3
train/kitchen_dining/1374467126144215_4393595230898041__004_10168261112187715.jpg,kitchen_dining,train,4
train/kitchen_dining/1592420637729022_3961327874171608__010_2062710154628697.jpg,kitchen_dining,train,2
train/kitchen_dining/1592420637729022_3951588018478927__007_2082648275645692.jpg,kitchen_dining,train,4
train/kitchen_dining/1446203822077011_27355280980742607__007_1522838333187201.jpg,kitchen_dining,train,5
train/kitchen_dining/131650282168271_1330613925605228__004_122135565309205308.jpg,kitchen_dining,train,4
train/kitchen_dining/1592420637729022_3951768525127543__006_10238569927684528.jpg,kitchen_dining,train,3
train/kitchen_dining/1564067761059184_2165211544278133__004_10233656623908602.jpg,kitchen_dining,train,2
train/kitchen_dining/1250686224969130_26927827270161673__003_3018649151668257.jpg,kitchen_dining,train,3
train/kitchen_dining/1308193765888197_36033615422919255__005_10164594433496221.jpg,kitchen_dining,train,5
train/kitchen_dining/128182133878732_27325211707082407__006_2744108095974268.jpg,kitchen_dining,train,3
train/kitchen_dining/1444861819075775_4432619960299931__001_4432619960299931.jpg,kitchen_dining,train,5
train/kitchen_dining/108387882545483_27016507994640107__002_2785670225108086.jpg,kitchen_dining,train,4
train/kitchen_dining/1569279603190851_26480757471616386__008_10244413002686470.jpg,kitchen_dining,train,4
train/kitchen_dining/1109406492459598_27171577962482428__005_10243684446354693.jpg,kitchen_dining,train,3
train/kitchen_dining/131650282168271_1332333172099970__004_2077590676974888.jpg,kitchen_dining,train,3
train/kitchen_dining/1697699190534876_3925975097707263__003_3492485177584782.jpg,kitchen_dining,train,5
train/kitchen_dining/167401334126918_2010966709770362__001_2010966709770362.jpg,kitchen_dining,train,3
train/kitchen_dining/1333924010089214_3472037202944540__004_2774311856251026.jpg,kitchen_dining,train,3
train/kitchen_dining/1108280606220345_2683715125343544__009_26749329638010356.jpg,kitchen_dining,train,4
train/kitchen_dining/1644120495892745_3951824725122299__004_4326929444186659.jpg,kitchen_dining,train,4
train/kitchen_dining/1374467126144215_4390386837885547__003_1613530080495606.jpg,kitchen_dining,train,3
train/kitchen_dining/1308193765888197_35917914554489343__002_10242941711182649.jpg,kitchen_dining,val,4
train/kitchen_dining/1569279603190851_26618724964486302__007_10244585414596660.jpg,kitchen_dining,val,5
train/kitchen_dining/1574044329492258_4567779080118753__007_10239426823681277.jpg,kitchen_dining,val,5
train/kitchen_dining/1029345667543954_2385919105219930__004_4556982784547461.jpg,kitchen_dining,val,2
train/kitchen_dining/140974480089370_2199912520862212__004_26688820647413899.jpg,kitchen_dining,val,1
train/kitchen_dining/151351752255977_1991827298208404__001_1991827298208404.jpg,kitchen_dining,val,3
train/kitchen_dining/1591401697779759_4235156983404204__001_image.jpg,kitchen_dining,val,2
train/kitchen_dining/131650282168271_1332285322104755__002_122183804978597011.jpg,kitchen_dining,val,5
train/kitchen_dining/109471915759582_36030026273277358__002_1472544188004208.jpg,kitchen_dining,val,2
train/kitchen_dining/1424244737803677_4550486865179433__004_10242900523159569.jpg,kitchen_dining,val,3
train/kitchen_dining/1388421434704191_4275354946010811__003_10164483099948970.jpg,kitchen_dining,val,3
train/kitchen_dining/131650282168271_1327986665867954__006_27494600930126699.jpg,kitchen_dining,val,5
train/kitchen_dining/167401334126918_2012996746234025__007_10216493642051154.jpg,kitchen_dining,val,4
train/kitchen_dining/132807117125395_2256786598060759__001_2256786598060759.jpg,kitchen_dining,val,1
train/kitchen_dining/1692162830827333_26845712518379017__001_26845712518379017.jpg,kitchen_dining,val,1
train/kitchen_dining/1509783812615243_4390430707883858__007_27441074568833174.jpg,kitchen_dining,val,3
train/kitchen_dining/1029345667543954_2384343268710847__004_36202601472658353.jpg,kitchen_dining,val,5
train/kitchen_dining/1374467126144215_4380268182230746__002_857463687367474.jpg,kitchen_dining,val,2
train/kitchen_dining/133922880497171_2057686664787440__008_10244004133260109.jpg,kitchen_dining,val,3
train/kitchen_dining/140974480089370_2200360204150777__002_2830837550609663.jpg,kitchen_dining,val,5
train/kitchen_dining/109471915759582_35946982568248396__002_27270533769206400.jpg,kitchen_dining,val,1
train/kitchen_dining/1087635731246729_27326023643647913__001_27326023643647913.jpg,kitchen_dining,val,3
train/kitchen_dining/1108280606220345_2678975975817459__003_27007571332206649.jpg,kitchen_dining,val,3
train/kitchen_dining/1446203822077011_27391553407115364__004_1527739355688551.jpg,kitchen_dining,val,3
train/kitchen_dining/1658210834462300_4483488111934544__009_2485218525245690.jpg,kitchen_dining,val,5
train/kitchen_dining/133922880497171_2056040644952042__002_1716022813156991.jpg,kitchen_dining,val,3
train/kitchen_dining/1383397445076108_26957654427223725__003_28040232925565478.jpg,kitchen_dining,val,4
train/kitchen_dining/110907419268500_2730460733979809__006_3545286655620489.jpg,kitchen_dining,val,4
train/kitchen_dining/1492833544374932_4504066126584977__005_27216587597934132.jpg,kitchen_dining,val,3
train/kitchen_dining/109471915759582_35950907524522567__003_1500319538462073.jpg,kitchen_dining,val,3
train/kitchen_dining/131650282168271_1328388559161098__001_1328388559161098.jpg,kitchen_dining,val,4
train/kitchen_dining/1591401697779759_4248420092077893__001_4248420092077893.jpg,kitchen_dining,val,3
train/kitchen_dining/1406864606053059_35295220743457344__003_35313901061588089.jpg,kitchen_dining,val,4
train/kitchen_dining/131650282168271_1327395502593737__004_26941747022086325.jpg,kitchen_dining,val,1
train/kitchen_dining/1333924010089214_3464622293686031__007_1601084688691744.jpg,kitchen_dining,val,4
train/kitchen_dining/1592420637729022_3959087121062350__005_10164902435148010.jpg,kitchen_dining,val,4
train/kitchen_dining/128182133878732_27271438885793023__006_122175882362952568.jpg,kitchen_dining,val,3
train/kitchen_dining/1592420637729022_3954848758152853__001_3954848758152853.jpg,kitchen_dining,val,3
train/kitchen_dining/1383397445076108_26894893100166525__006_35521747450804126.jpg,kitchen_dining,val,2
train/kitchen_dining/133922880497171_2056095291613244__003_10215510934403915.jpg,kitchen_dining,val,3
train/living_room/1293017504164975_4095302557269775__003_122173280607033386.jpg,living_room,train,4
train/living_room/1492833544374932_4495561217435468__005_4312344015674591.jpg,living_room,train,3
train/living_room/1121067317909873_27936253562631218__003_26963042950015423.jpg,living_room,train,3
train/living_room/1302750086537790_4235589226587180__001_10238082980845162.jpg,living_room,train,3
train/living_room/151351752255977_2005436600180807__001_2005436600180807.jpg,living_room,train,3
train/living_room/1414853725269536_26928599806801577__001_26928599806801577.jpg,living_room,train,3
train/living_room/137474916300778_26684026584552250__005_10242449685917493.jpg,living_room,train,2
train/living_room/1446203822077011_27390426173894754__001_27390426173894754.jpg,living_room,train,4
train/living_room/101875683484689_2907101822962047__007_122354252174029344.jpg,living_room,train,5
train/living_room/1692162830827333_27019346884348912__004_26770065366020937.jpg,living_room,train,5
train/living_room/1578259502584829_2454666508277453__003_27452910887626997.jpg,living_room,train,1
train/living_room/1424244737803677_4555207894707330__003_28551554647785001.jpg,living_room,train,3
train/living_room/133922880497171_2058719181350855__002_10241975744626905.jpg,living_room,train,3
train/living_room/1308193765888197_36032305473050250__002_2074673983424864.jpg,living_room,train,5
train/living_room/128182133878732_27346335831636661__001_27346335831636661.jpg,living_room,train,5
train/living_room/137474916300778_26695075790113996__005_27154316897536486.jpg,living_room,train,4
train/living_room/1665284003691199_4437738503112388__002_1586134940181561.jpg,living_room,train,3
train/living_room/167401334126918_2019951735538526__005_10239828109896586.jpg,living_room,train,2
train/living_room/1369521363409648_2784063241955446__002_10233337690961211.jpg,living_room,train,4
train/living_room/1480733602056021_26627057403663627__007_1611813960944910.jpg,living_room,train,5
train/living_room/1333924010089214_3466472893500971__011_122238510356295498.jpg,living_room,train,4
train/living_room/1293017504164975_4086349948165036__003_36789905570608659.jpg,living_room,train,2
train/living_room/128182133878732_27333911289545782__001_27333911289545782.jpg,living_room,train,3
train/living_room/140974480089370_2200689420784522__002_26726618710371482.jpg,living_room,train,3
train/living_room/110907419268500_2729057300786819__002_27236205559317441.jpg,living_room,train,3
train/living_room/1108075092683422_3621313281359578__001_3621313281359578.jpg,living_room,train,4
train/living_room/1592420637729022_3961034737534255__002_28036193639301747.jpg,living_room,train,3
train/living_room/101875683484689_2902957536709809__003_27088265170767930.jpg,living_room,train,2
train/living_room/115046608513246_36128314446759673__004_10164434950537390.jpg,living_room,train,3
train/living_room/1029345667543954_2384047398740434__009_1452057803600973.jpg,living_room,train,2
train/living_room/1374467126144215_4379413042316260__001_4379413042316260.jpg,living_room,train,2
train/living_room/167401334126918_2011043953095971__009_10215901954579396.jpg,living_room,train,3
train/living_room/133922880497171_2056851074870999__006_27760887056846857.jpg,living_room,train,2
train/living_room/1446203822077011_27326587000278672__011_122275699568157046.jpg,living_room,train,5
train/living_room/1574044329492258_4577749872455007__007_26261645020179943.jpg,living_room,train,3
train/living_room/1302750086537790_4243914885754614__004_4442111156116343.jpg,living_room,train,5
train/living_room/1302750086537790_4249560821856687__001_4249560821856687.jpg,living_room,train,3
train/living_room/1374467126144215_4391471797777051__001_4391471797777051.jpg,living_room,train,5
train/living_room/126295760730491_27848286801438014__002_10238823319575541.jpg,living_room,train,3
train/living_room/1108280606220345_2687681181613605__004_857923720686047.jpg,living_room,train,3
train/living_room/1592420637729022_3956391294665266__005_27380015671584222.jpg,living_room,train,4
train/living_room/1658210834462300_4476204762662879__001_4476204762662879.jpg,living_room,train,4
train/living_room/1302750086537790_4234527640026672__004_1538081511220855.jpg,living_room,train,4
train/living_room/1302750086537790_4242393499240086__003_122176233176746125.jpg,living_room,train,5
train/living_room/1414853725269536_7352994761455373__005_10227063223739683.jpg,living_room,train,1
train/living_room/1592420637729022_3955749584729437__005_10226560752239667.jpg,living_room,train,4
train/living_room/1591401697779759_4249714135281822__003_27866804896241399.jpg,living_room,train,1
train/living_room/162570224559186_2189789085170613__008_959015110224643.jpg,living_room,train,3
train/living_room/1592420637729022_3957516764552719__010_10238069357447188.jpg,living_room,train,5
train/living_room/167401334126918_2017250172475349__007_27168917659413089.jpg,living_room,train,4
train/living_room/1029345667543954_2391821771296330__002_10164523135888827.jpg,living_room,train,4
train/living_room/1100386826745670_27171647639192899__004_1420617933416101.jpg,living_room,train,1
train/living_room/137474916300778_26793358853619022__002_1500411704969298.jpg,living_room,train,2
train/living_room/101875683484689_2902155936789969__004_27235780306025983.jpg,living_room,train,3
train/living_room/1108075092683422_3627796324044607__002_10160863928182537.jpg,living_room,train,5
train/living_room/1591401697779759_4251624335090802__003_26881471434815376.jpg,living_room,train,2
train/living_room/1692162830827333_26881145228169079__002_1557529526383475.jpg,living_room,train,4
train/living_room/1697699190534876_3929778430660263__003_27705618175706587.jpg,living_room,train,4
train/living_room/1444861819075775_4442001802695080__007_10236297743475970.jpg,living_room,train,3
train/living_room/111163552234056_27898949816362056__006_997375792801326.jpg,living_room,train,4
train/living_room/1108075092683422_3620321651458741__006_1422581313246415.jpg,living_room,train,3
train/living_room/109471915759582_35950907524522567__001_35950907524522567.jpg,living_room,train,5
train/living_room/1108280606220345_2680563808992009__004_27156611760599230.jpg,living_room,train,3
train/living_room/126295760730491_27996651029934923__002_10243474977749871.jpg,living_room,train,4
train/living_room/1108075092683422_3613403528817220__001_3613403528817220.jpg,living_room,train,4
train/living_room/131650282168271_1331957472137540__001_1331957472137540.jpg,living_room,train,3
train/living_room/111163552234056_27780333884890317__007_2487495285009040.jpg,living_room,train,5
train/living_room/1658210834462300_4477842995832389__001_4477842995832389.jpg,living_room,train,4
train/living_room/140974480089370_2198814027638728__004_27433992569531265.jpg,living_room,train,4
train/living_room/1108075092683422_3612327728924800__002_26912520048365218.jpg,living_room,train,3
train/living_room/110907419268500_2729810094044873__008_10164192167464907.jpg,living_room,train,3
train/living_room/1692162830827333_27020581580892109__007_1567583602044734.jpg,living_room,train,3
train/living_room/167401334126918_2013486206185079__002_27321431600794650.jpg,living_room,train,3
train/living_room/1308193765888197_35955802514033880__006_27592351660366699.jpg,living_room,train,5
train/living_room/1658210834462300_4480142362269119__001_4480142362269119.jpg,living_room,train,3
train/living_room/1369521363409648_2784993188529118__004_122178929696802371.jpg,living_room,train,4
train/living_room/1424244737803677_4567395773488542__003_122309162252026955.jpg,living_room,train,3
train/living_room/140974480089370_2200260640827400__005_10163018034585745.jpg,living_room,train,3
train/living_room/1532036997126363_4254547681541934__001_4254547681541934.jpg,living_room,train,5
train/living_room/1308193765888197_35916061621341303__004_829919486854333.jpg,living_room,train,4
train/living_room/1692162830827333_26945303798419888__001_26945303798419888.jpg,living_room,train,3
train/living_room/109471915759582_36040605168886135__003_1503751194785574.jpg,living_room,train,5
train/living_room/101875683484689_2905000663172163__012_122353965272029344.jpg,living_room,train,3
train/living_room/1250686224969130_26810614625216272__004_122188471940801796.jpg,living_room,train,4
train/living_room/101875683484689_2908484846157078__002_26757473827228109.jpg,living_room,train,4
train/living_room/101875683484689_2905313139807582__005_10241546252700656.jpg,living_room,train,2
train/living_room/128182133878732_27220566984213547__003_27255013907418017.jpg,living_room,train,3
train/living_room/1333924010089214_3462857253862535__004_27863457123242705.jpg,living_room,train,5
train/living_room/128182133878732_27327248813545363__005_1500783905072748.jpg,living_room,train,4
train/living_room/1642748915985540_4353247741602297__003_10164482712262369.jpg,living_room,train,2
train/living_room/1662194610917822_2396064210864188__001_2396064210864188.jpg,living_room,train,3
train/living_room/1444861819075775_4431137907114803__001_4431137907114803.jpg,living_room,train,2
train/living_room/1409711522615858_4216170811969901__002_26813690578296720.jpg,living_room,train,3
train/living_room/1029345667543954_2391285551349952__007_948762084821482.jpg,living_room,train,5
train/living_room/140974480089370_2200403687479762__001_2200403687479762.jpg,living_room,train,3
train/living_room/1366132596796007_26730082726640978__001_26730082726640978.jpg,living_room,train,4
train/living_room/1308193765888197_36090272540586876__001_36090272540586876.jpg,living_room,train,5
train/living_room/1381673142221410_3118062718582435__003_1717750542736044.jpg,living_room,train,4
train/living_room/1592420637729022_3961327874171608__002_2062710187962027.jpg,living_room,train,2
train/living_room/1029345667543954_2389524011526106__006_1775534436962285.jpg,living_room,train,4
train/living_room/1644120495892745_3940743976230374__001_3940743976230374.jpg,living_room,train,3
train/living_room/115046608513246_35992523397005446__001_1503769331493420.jpg,living_room,train,5
train/living_room/1578259502584829_2457925684618202__006_122140094967001499.jpg,living_room,train,3
train/living_room/1374467126144215_4390520671205497__001_4390520671205497.jpg,living_room,train,3
train/living_room/1333924010089214_3471171456364448__001_3471171456364448.jpg,living_room,train,3
train/living_room/109471915759582_36204782975801686__005_10164188838237911.jpg,living_room,train,3
train/living_room/1446203822077011_27313734201563952__005_2083917448820943.jpg,living_room,train,5
train/living_room/1692162830827333_26843187891964813__001_26843187891964813.jpg,living_room,train,1
train/living_room/1424244737803677_4556438171250969__001_4556438171250969.jpg,living_room,train,3
train/living_room/1121067317909873_27700987739491136__003_26916242147969789.jpg,living_room,train,2
train/living_room/1383397445076108_26915878084734693__004_27865306569723802.jpg,living_room,train,3
train/living_room/111163552234056_27796189159971456__003_2513056992543953.jpg,living_room,train,3
train/living_room/1444861819075775_4432205410341386__002_27871507652439409.jpg,living_room,train,4
train/living_room/101875683484689_2905293263142903__004_27751044097817099.jpg,living_room,train,2
train/living_room/1592420637729022_3959105054393890__012_10244023115701176.jpg,living_room,train,3
train/living_room/1109406492459598_27120464127593812__002_27516523367949839.jpg,living_room,train,3
train/living_room/1692162830827333_26954966444120290__005_1562938829175878.jpg,living_room,train,3
train/living_room/101875683484689_2905453663126863__002_10233261218012548.jpg,living_room,train,5
train/living_room/1302750086537790_4239303359549100__004_4438468083147317.jpg,living_room,train,5
train/living_room/137474916300778_26849198111368429__004_122127500979168475.jpg,living_room,train,3
train/living_room/1444861819075775_4434460563449204__007_10241194030612847.jpg,living_room,train,4
train/living_room/1578259502584829_2453339068410197__007_122113054377029759.jpg,living_room,train,4
train/living_room/1250686224969130_26840475925563475__001_26840475925563475.jpg,living_room,train,3
train/living_room/1366132596796007_26721992520783332__001_1530193951620272.jpg,living_room,train,3
train/living_room/1117824112816877_1660678878531395__008_10162375058800894.jpg,living_room,train,4
train/living_room/1446203822077011_27355353934068645__003_10215605014994537.jpg,living_room,train,2
train/living_room/126295760730491_27883709437895750__005_2068761367329690.jpg,living_room,train,3
train/living_room/128182133878732_27276639728606272__003_28028991863357584.jpg,living_room,train,4
train/living_room/167401334126918_2019000798966953__001_2019000798966953.jpg,living_room,train,2
train/living_room/1293017504164975_4076966575770040__001_4076966575770040.jpg,living_room,train,3
train/living_room/109471915759582_36089932200620098__001_36089932200620098.jpg,living_room,train,3
train/living_room/1175635132590303_3562671660553293__003_1651448366987063.jpg,living_room,train,4
train/living_room/1591401697779759_4251780555075180__007_27074543485533088.jpg,living_room,train,3
train/living_room/131650282168271_1334491878550766__004_10164071167279520.jpg,living_room,train,3
train/living_room/1414853725269536_26916649164663308__003_1270881988579858.jpg,living_room,train,3
train/living_room/1592420637729022_3948960698741659__004_35380731594904297.jpg,living_room,train,5
train/living_room/1414853725269536_27082781091383447__003_1281544200846970.jpg,living_room,train,3
train/living_room/1366132596796007_26730427633273154__007_1584784790317224.jpg,living_room,train,5
train/living_room/1569279603190851_26580731064952359__003_10244538018251781.jpg,living_room,train,4
train/living_room/1692162830827333_26969469459336655__004_10167376313224838.jpg,living_room,train,2
train/living_room/151351752255977_1995852174472583__002_27747743798179013.jpg,living_room,train,2
train/living_room/101875683484689_2902333150105581__011_10245377451321027.jpg,living_room,train,5
train/living_room/140974480089370_2200689420784522__006_26726619040371449.jpg,living_room,train,5
train/living_room/1665284003691199_4437531919799713__001_4437531919799713.jpg,living_room,train,3
train/living_room/1692162830827333_26926005967016338__003_27764857909770021.jpg,living_room,train,5
train/living_room/1108280606220345_2678441295870927__002_10166381211917439.jpg,living_room,train,5
train/living_room/167401334126918_2012818826251817__001_2012818826251817.jpg,living_room,train,3
train/living_room/140974480089370_2199470094239788__002_1784606662914953.jpg,living_room,train,2
train/living_room/1509783812615243_4389152058011723__003_27228869980041278.jpg,living_room,train,5
train/living_room/1108280606220345_2679374125777644__002_1799135421244038.jpg,living_room,train,4
train/living_room/1424244737803677_4556556687905784__004_4643769162517337.jpg,living_room,train,4
train/living_room/1409711522615858_4214254838828165__001_4214254838828165.jpg,living_room,train,5
train/living_room/126295760730491_27990447137221979__002_10238962533135793.jpg,living_room,train,3
train/living_room/1692162830827333_26928845366732398__001_26928845366732398.jpg,living_room,train,5
train/living_room/125793327613639_3041973112662298__004_1009716728225733.jpg,living_room,train,3
train/living_room/1131541966889617_27027766750173784__001_27027766750173784.jpg,living_room,train,3
train/living_room/1374467126144215_4386484394942458__006_10168219874752715.jpg,living_room,train,3
train/living_room/1574044329492258_4561852324044762__003_26084987531179027.jpg,living_room,train,3
train/living_room/140974480089370_2198832584303539__005_961932363254176.jpg,living_room,train,4
train/living_room/1591401697779759_4252559441663958__002_36227111166872153.jpg,living_room,train,4
train/living_room/1509783812615243_4371206373139625__001_4371206373139625.jpg,living_room,train,3
train/living_room/101875683484689_2901974976808065__004_1311984494396188.jpg,living_room,train,3
train/living_room/1383397445076108_26876769245312244__001_26876769245312244.jpg,living_room,train,5
train/living_room/1175635132590303_3552476758239450__004_2425917437820670.jpg,living_room,train,5
train/living_room/1624818081000281_3672823226199746__006_122179447226681587.jpg,living_room,train,5
train/living_room/1658210834462300_4480064178943604__003_10164645934889375.jpg,living_room,train,5
train/living_room/1658210834462300_4487216028228419__003_2147934516054431.jpg,living_room,train,5
train/living_room/1697699190534876_3926271924344247__003_122170588358945258.jpg,living_room,train,4
train/living_room/1374467126144215_4390423754548522__001_4390423754548522.jpg,living_room,train,3
train/living_room/1302750086537790_4234429726703130__002_122175424844746125.jpg,living_room,train,4
train/living_room/151351752255977_2005296056861528__006_959377173764554.jpg,living_room,train,2
train/living_room/1592420637729022_3954773438160385__010_4326866610859609.jpg,living_room,train,3
train/living_room/1591401697779759_4253332191586683__003_27086032274326474.jpg,living_room,train,2
train/living_room/1592420637729022_3962574937380235__006_27349658431306026.jpg,living_room,train,5
train/living_room/1578259502584829_2452433655167405__004_122203778216456650.jpg,living_room,train,3
train/living_room/108387882545483_27247658288191742__006_4471856302959989.jpg,living_room,train,5
train/living_room/1175635132590303_3561322014021591__002_27932419676358511.jpg,living_room,train,4
train/living_room/1532036997126363_4249650552031647__012_854371044402980.jpg,living_room,train,2
train/living_room/1108075092683422_3620881638069409__002_817748574746910.jpg,living_room,train,4
train/living_room/167401334126918_2013357362864630__006_122189890100592014.jpg,living_room,train,2
train/living_room/1394256424177525_4360796654190139__001_4360796654190139.jpg,living_room,train,4
train/living_room/1592420637729022_3952843451686717__009_4325011424378461.jpg,living_room,train,4
train/living_room/131650282168271_1329157115750909__005_1754994835866684.jpg,living_room,train,2
train/living_room/1444861819075775_4433339266894667__002_1521593456421187.jpg,living_room,train,3
train/living_room/1692162830827333_26832988226318113__003_35574647225482926.jpg,living_room,train,2
train/living_room/1108280606220345_2679485272433196__006_10164153918506797.jpg,living_room,train,4
train/living_room/109471915759582_36036260382653947__002_27202887145982670.jpg,living_room,train,2
train/living_room/1108280606220345_2678034962578227__001_2678034962578227.jpg,living_room,train,5
train/living_room/110907419268500_2730807770611772__001_2730807770611772.jpg,living_room,train,2
train/living_room/109471915759582_36212404101706240__004_10238490981266217.jpg,living_room,train,4
train/living_room/1121067317909873_27698110403112203__005_10165169149628606.jpg,living_room,train,4
train/living_room/1369521363409648_2781814405513663__003_1644421603480225.jpg,living_room,train,3
train/living_room/1302750086537790_4236970646449038__006_10163122981826748.jpg,living_room,train,1
train/living_room/1029345667543954_2389524011526106__002_1775534260295636.jpg,living_room,train,4
train/living_room/1369521363409648_2773215233040247__007_10242644742959044.jpg,living_room,train,5
train/living_room/126295760730491_27886948077571886__012_10234376952546989.jpg,living_room,train,4
train/living_room/1692162830827333_27032656143017986__003_1568500815286346.jpg,living_room,train,5
train/living_room/1250686224969130_26820817307529337__003_843493335474056.jpg,living_room,train,3
train/living_room/126295760730491_27889432000656827__005_10165195091972028.jpg,living_room,train,5
train/living_room/1692162830827333_27034440412839559__001_27034440412839559.jpg,living_room,train,3
train/living_room/110907419268500_2731963737162842__007_122334994100061998.jpg,living_room,train,4
train/living_room/1414853725269536_27004479409213616__002_1276624141338976.jpg,living_room,train,4
train/living_room/1381673142221410_3104303109958396__002_1706704453840653.jpg,living_room,train,3
train/living_room/1308193765888197_36039909268956537__002_26075460202128159.jpg,living_room,train,3
train/living_room/1117824112816877_1677423806856902__009_27652426817674212.jpg,living_room,train,5
train/living_room/1029345667543954_2384142878730886__004_1600885815374546.jpg,living_room,train,4
train/living_room/1446203822077011_27392019507068754__007_10242289576999254.jpg,living_room,train,3
train/living_room/1592420637729022_3949554182015644__007_10241425489124577.jpg,living_room,train,4
train/living_room/128182133878732_27216438497959729__001_27216438497959729.jpg,living_room,train,3
train/living_room/151351752255977_2000188850705582__003_27811136271839765.jpg,living_room,train,3
train/living_room/141600959022510_817989478050318__003_1679471336586458.jpg,living_room,train,3
train/living_room/162570224559186_2203829663766555__002_2461225187670923.jpg,living_room,train,3
train/living_room/1302750086537790_4252510144895088__002_122278057784080930.jpg,living_room,train,3
train/living_room/110907419268500_2723003171392232__001_2723003171392232.jpg,living_room,train,3
train/living_room/1424244737803677_4562407267320726__004_27844889661765162.jpg,living_room,train,3
train/living_room/167401334126918_2013356132864753__006_122189885954592014.jpg,living_room,train,2
train/living_room/126295760730491_27900726856194008__001_27900726856194008.jpg,living_room,train,4
train/living_room/1446203822077011_27304174239186615__002_966562822652342.jpg,living_room,train,5
train/living_room/126295760730491_27988620164071343__002_28072582752330825.jpg,living_room,train,4
train/living_room/110907419268500_2730460733979809__003_3545286658953822.jpg,living_room,train,3
train/living_room/101875683484689_2900561653616064__007_10242469341528468.jpg,living_room,train,5
train/living_room/1592420637729022_3953857758251953__012_35479099601704597.jpg,living_room,train,5
train/living_room/1444861819075775_4443992659162661__002_1572190728052138.jpg,living_room,train,5
train/living_room/1592420637729022_3948921985412197__002_26384222937919942.jpg,living_room,train,3
train/living_room/126295760730491_27780358314897530__002_27863322949923474.jpg,living_room,train,3
train/living_room/1424244737803677_4551073801787406__002_1981017323300505.jpg,living_room,train,5
train/living_room/125793327613639_3043694129156863__001_3043694129156863.jpg,living_room,train,4
train/living_room/125793327613639_3039840112875598__002_10237903477745063.jpg,living_room,train,3
train/living_room/128182133878732_27252425674361011__004_27443235345278374.jpg,living_room,train,5
train/living_room/1108075092683422_3627005680790338__006_27693609326908207.jpg,living_room,train,4
train/living_room/125793327613639_3041426279383648__004_1568693581933560.jpg,living_room,train,2
train/living_room/101875683484689_2900446403627589__002_10214856420281157.jpg,living_room,train,4
train/living_room/1574044329492258_4570431329853528__010_10243750376161849.jpg,living_room,train,4
train/living_room/1121082361306682_26873630975625134__002_122206877546787967.jpg,living_room,train,3
train/living_room/1424244737803677_4553202914907828__005_1503541767969791.jpg,living_room,train,4
train/living_room/1108075092683422_3613265998830973__001_3613265998830973.jpg,living_room,train,3
train/living_room/1591401697779759_4247383762181526__006_1456923812848358.jpg,living_room,train,1
train/living_room/1333924010089214_3465565420258385__001_3465565420258385.jpg,living_room,train,3
train/living_room/1109406492459598_27060182880288604__003_27412443108348422.jpg,living_room,train,4
train/living_room/1308193765888197_35955700937377371__002_27592293923705806.jpg,living_room,train,4
train/living_room/133922880497171_2059524281270345__003_27221621780809884.jpg,living_room,train,4
train/living_room/1444861819075775_4430308343864426__004_10243331827611358.jpg,living_room,train,4
train/living_room/1100386826745670_27267936306230698__003_1004067449015039.jpg,living_room,train,2
train/living_room/1692162830827333_26957436757206592__002_1778016396854857.jpg,living_room,train,4
train/living_room/128182133878732_27415341331402777__006_26791677497125290.jpg,living_room,train,3
train/living_room/132807117125395_2263054650767287__001_2263054650767287.jpg,living_room,train,2
train/living_room/1108280606220345_2678865445828512__001_2678865445828512.jpg,living_room,train,3
train/living_room/1394256424177525_4356186231317848__002_10243635387323191.jpg,living_room,train,4
train/living_room/1665284003691199_4437527153133523__005_10163929866633361.jpg,living_room,train,2
train/living_room/1302750086537790_4236107543202015__008_1563040828744117.jpg,living_room,train,4
train/living_room/1250686224969130_26858676683743399__005_27799438019657185.jpg,living_room,train,3
train/living_room/1569279603190851_26406607522364715__006_122127610629032508.jpg,living_room,train,4
train/living_room/1564067761059184_2169670040498950__002_10243381636139938.jpg,living_room,train,4
train/living_room/109471915759582_36207234535556530__002_35626826730298541.jpg,living_room,train,4
train/living_room/1175635132590303_3554377418049384__006_911114738549393.jpg,living_room,train,3
train/living_room/1308193765888197_36055149704099160__002_10232755209283967.jpg,living_room,train,4
train/living_room/1446203822077011_27379944884942883__002_1524685089669192.jpg,living_room,train,3
train/living_room/1692162830827333_27048617651421835__001_27048617651421835.jpg,living_room,train,4
train/living_room/1692162830827333_26951559634460971__001_26951559634460971.jpg,living_room,train,5
train/living_room/1374467126144215_4392543584336539__001_4392543584336539.jpg,living_room,train,3
train/living_room/1446203822077011_27266379636299409__003_10232744587300340.jpg,living_room,train,3
train/living_room/101875683484689_2906139399724956__002_10162328788115919.jpg,living_room,train,5
train/living_room/1308193765888197_36013840111563453__001_36013840111563453.jpg,living_room,train,4
train/living_room/1592420637729022_3954773438160385__011_4326866637526273.jpg,living_room,train,4
train/living_room/1492833544374932_4508110882847168__008_10234474352781934.jpg,living_room,train,4
train/living_room/1509783812615243_4388875808039348__001_4388875808039348.jpg,living_room,train,4
train/living_room/1446203822077011_27369269546010417__001_27369269546010417.jpg,living_room,train,2
train/living_room/1250686224969130_26854172834193784__002_27024404713859015.jpg,living_room,train,4
train/living_room/1293017504164975_4088623694604328__007_122219032862781667.jpg,living_room,train,3
train/living_room/1665284003691199_4444778279075077__002_1968450927095832.jpg,living_room,train,3
train/living_room/1446203822077011_27353418197595552__001_27353418197595552.jpg,living_room,train,4
train/living_room/128182133878732_27362352543368323__004_27397528119833261.jpg,living_room,train,3
train/living_room/101875683484689_2907391452933084__002_971683952430118.jpg,living_room,train,3
train/living_room/137474916300778_26847772274844346__001_27328158190135375.jpg,living_room,train,2
train/living_room/1029345667543954_2386191988525975__002_10238076408942589.jpg,living_room,train,4
train/living_room/1117824112816877_1661349721797644__009_10163912977418361.jpg,living_room,train,3
train/living_room/111163552234056_27707054222218284__004_2481940052231230.jpg,living_room,train,4
train/living_room/111163552234056_27770546139202425__006_10239056648973240.jpg,living_room,train,5
train/living_room/125793327613639_3042457195947223__003_1015837454205330.jpg,living_room,train,5
train/living_room/1444861819075775_4434325540129373__002_27028215296794658.jpg,living_room,train,5
train/living_room/1424244737803677_4557073357854117__002_1986278669441037.jpg,living_room,train,5
train/living_room/111163552234056_27849229268000778__002_2563444924073305.jpg,living_room,train,4
train/living_room/1308193765888197_35960231213591010__002_10242351129337283.jpg,living_room,train,4
train/living_room/1697699190534876_3926089714362468__001_3926089714362468.jpg,living_room,train,1
train/living_room/1509783812615243_4389358524657743__003_27349350254663070.jpg,living_room,train,5
train/living_room/101875683484689_2903428073329422__002_122178536642681587.jpg,living_room,train,3
train/living_room/1466088316786306_26930279733273814__007_26700614496263783.jpg,living_room,train,5
train/living_room/1424244737803677_4563162770578509__006_27713287091606586.jpg,living_room,train,3
train/living_room/101875683484689_2907912812880948__002_972131049052075.jpg,living_room,train,3
train/living_room/1492833544374932_4495300957461494__002_10234329355477092.jpg,living_room,train,5
train/living_room/101875683484689_2899994413672788__003_27066047279679125.jpg,living_room,train,4
train/living_room/1509783812615243_4390561247870804__008_1651026393697894.jpg,living_room,train,4
train/living_room/1117824112816877_1662146698384613__004_122199169880497447.jpg,living_room,train,2
train/living_room/1424244737803677_4551321598429293__003_10237659877970715.jpg,living_room,train,5
train/living_room/1100386826745670_27170259239331739__008_122222770208475036.jpg,living_room,train,4
train/living_room/1096909717331534_2755688271453662__005_1662493848082542.jpg,living_room,train,3
train/living_room/1308193765888197_35958542187093246__001_35958542187093246.jpg,living_room,train,4
train/living_room/111163552234056_27801219152801790__003_10165574225578013.jpg,living_room,train,3
train/living_room/133922880497171_2058593254696781__005_10241143225813269.jpg,living_room,train,4
train/living_room/1369521363409648_2781065075588596__002_1000825872631956.jpg,living_room,train,4
train/living_room/1406864606053059_35305677845744967__003_980900024430281.jpg,living_room,train,3
train/living_room/1444861819075775_4440730039488923__004_10243477581535115.jpg,living_room,train,4
train/living_room/1592420637729022_3949701778667551__004_10241844986719593.jpg,living_room,train,2
train/living_room/1592420637729022_3954974191473643__008_26601627146132312.jpg,living_room,train,4
train/living_room/1250686224969130_26790482513896150__002_122188186520801796.jpg,living_room,train,3
train/living_room/1692162830827333_27005937149023219__002_27255085850794818.jpg,living_room,train,4
train/living_room/1509783812615243_4390427861217476__001_4390427861217476.jpg,living_room,train,3
train/living_room/1250686224969130_26833933346217733__007_27688348900752763.jpg,living_room,train,2
train/living_room/1250686224969130_26825940833683651__006_10242869253012554.jpg,living_room,train,4
train/living_room/1175635132590303_3560353887451737__002_2432126430533104.jpg,living_room,train,5
train/living_room/1592420637729022_3952182581752804__001_3952182581752804.jpg,living_room,train,3
train/living_room/1333924010089214_3473181686163425__002_981410051523300.jpg,living_room,train,3
train/living_room/1302750086537790_4237417103071059__011_10162260952031470.jpg,living_room,train,5
train/living_room/1117824112816877_1666749171257699__004_26684042747888754.jpg,living_room,train,4
train/living_room/101875683484689_2908177276187835__003_10165336132967658.jpg,living_room,train,5
train/living_room/110907419268500_2727572570935292__007_27566089782979045.jpg,living_room,train,3
train/living_room/1108075092683422_3613578738799699__001_3613578738799699.jpg,living_room,train,5
train/living_room/1480733602056021_26598908193145215__007_122120894655241988.jpg,living_room,train,2
train/living_room/1374467126144215_4393591444231753__003_10163029775035098.jpg,living_room,train,5
train/living_room/1409711522615858_4190324721221177__004_958752043550160.jpg,living_room,train,3
train/living_room/128182133878732_27286627210940857__008_1606503417591463.jpg,living_room,train,3
train/living_room/1250686224969130_26813994751544926__002_843078488848874.jpg,living_room,train,3
train/living_room/128182133878732_27263269206609991__002_36148797681385489.jpg,living_room,train,3
train/living_room/1697699190534876_3937609503210489__004_26722935237400406.jpg,living_room,train,3
train/living_room/151351752255977_1991827298208404__002_27692598640360196.jpg,living_room,train,2
train/living_room/1532036997126363_4248910845438951__003_1684166949671533.jpg,living_room,train,4
train/living_room/1109406492459598_27238093352497555__001_27238093352497555.jpg,living_room,train,1
train/living_room/1374467126144215_4381322175458680__001_4381322175458680.jpg,living_room,train,3
train/living_room/126295760730491_27827080920225269__007_10234319828718929.jpg,living_room,train,3
train/living_room/1665284003691199_4437973799755525__002_10243128108200876.jpg,living_room,train,5
train/living_room/1642748915985540_4338217916438613__001_4338217916438613.jpg,living_room,train,3
train/living_room/1692162830827333_26903156659301269__002_2059344491425988.jpg,living_room,train,4
train/living_room/140974480089370_2200605844126213__004_1776306453751049.jpg,living_room,train,3
train/living_room/1108075092683422_3624373171053589__001_3624373171053589.jpg,living_room,train,1
train/living_room/125793327613639_3039694636223479__006_10215633534987500.jpg,living_room,train,2
train/living_room/1509783812615243_4390146057912323__006_1741426270626128.jpg,living_room,train,3
train/living_room/1374467126144215_4391489654441932__003_10168249109542715.jpg,living_room,train,5
train/living_room/1446203822077011_27369924682611570__005_122163875150902795.jpg,living_room,train,3
train/living_room/162570224559186_2190134581802730__002_959368090189345.jpg,living_room,train,5
train/living_room/109471915759582_35969847399295246__001_35969847399295246.jpg,living_room,train,1
train/living_room/1424244737803677_4548139272080859__002_1570098028058844.jpg,living_room,train,1
train/living_room/1642748915985540_4345690949024643__003_10245764403783987.jpg,living_room,train,1
train/living_room/115046608513246_35932187593039027__001_35932187593039027.jpg,living_room,train,4
train/living_room/1592420637729022_3960178047619924__003_10164778306028699.jpg,living_room,train,3
train/living_room/115046608513246_35858906583700462__009_26887227284229664.jpg,living_room,train,5
train/living_room/167401334126918_2017163332484033__001_2017163332484033.jpg,living_room,train,3
train/living_room/1369521363409648_2781002265594877__002_27031269009893043.jpg,living_room,train,4
train/living_room/1665284003691199_4445820332304205__010_1744506696717417.jpg,living_room,train,1
train/living_room/1640846923143813_2106173423277825__012_2190448028026743.jpg,living_room,train,3
train/living_room/1444861819075775_4441270602768200__001_4441270602768200.jpg,living_room,train,3
train/living_room/1308193765888197_35915765961370869__004_27142365578690111.jpg,living_room,train,4
train/living_room/111163552234056_27710229448567428__006_26596887076599391.jpg,living_room,train,5
train/living_room/132807117125395_2251163045289781__001_2251163045289781.jpg,living_room,train,3
train/living_room/131650282168271_1328944169105537__005_35283591304622660.jpg,living_room,train,3
train/living_room/1658210834462300_4471330673150288__001_4471330673150288.jpg,living_room,train,5
train/living_room/125793327613639_3042427455950197__009_990064350210719.jpg,living_room,train,4
train/living_room/1446203822077011_27367808969489808__001_27367808969489808.jpg,living_room,train,4
train/living_room/1692162830827333_27007018922248375__003_35903801289234183.jpg,living_room,train,2
train/living_room/1591401697779759_4253735598213009__001_4253735598213009.jpg,living_room,train,1
train/living_room/1697699190534876_3926809987623774__007_3493569554143011.jpg,living_room,train,4
train/living_room/1624818081000281_3672823226199746__004_122179447262681587.jpg,living_room,train,5
train/living_room/1108280606220345_2678426699205720__005_10162282649761470.jpg,living_room,train,5
train/living_room/125793327613639_3043342445858698__007_1570436678425917.jpg,living_room,train,5
train/living_room/167401334126918_2018308712369495__001_2018308712369495.jpg,living_room,train,3
train/living_room/1532036997126363_4248780552118647__002_10163161599588175.jpg,living_room,train,3
train/living_room/126295760730491_27915616961371664__001_27915616961371664.jpg,living_room,train,3
train/living_room/126295760730491_27939708758962484__008_10225640142948822.jpg,living_room,train,3
train/living_room/131650282168271_1330786935587927__007_27596934969908847.jpg,living_room,train,4
train/living_room/1100386826745670_27171202102570786__001_27171202102570786.jpg,living_room,train,2
train/living_room/1569279603190851_26534400086252124__003_10163753457437508.jpg,living_room,train,4
train/living_room/1383397445076108_26822423630746806__003_1454649530011015.jpg,living_room,train,5
train/living_room/115046608513246_35791303353794119__010_26821763157456626.jpg,living_room,train,4
train/living_room/1121067317909873_27926368103619764__005_27385363501049865.jpg,living_room,train,5
train/living_room/1658210834462300_4476125432670812__002_27223594370566217.jpg,living_room,train,3
train/living_room/1446203822077011_27325463793724326__004_26728638026746184.jpg,living_room,train,2
train/living_room/1665284003691199_4450000088552896__005_3533250753493708.jpg,living_room,train,2
train/living_room/1374467126144215_4390769567847274__008_10237451587803734.jpg,living_room,train,4
train/living_room/1665284003691199_4451402781745960__005_1652696940198982.jpg,living_room,train,3
train/living_room/111163552234056_27789352223988483__002_36655526817379277.jpg,living_room,train,3
train/living_room/1374467126144215_4390520671205497__002_27038624009087824.jpg,living_room,train,3
train/living_room/1592420637729022_3957516764552719__001_3957516764552719.jpg,living_room,train,4
train/living_room/1591401697779759_4249714135281822__001_4249714135281822.jpg,living_room,train,2
train/living_room/1446203822077011_27313590744911631__004_2083905608822127.jpg,living_room,train,4
train/living_room/1308193765888197_36070352555912208__004_27061786843440497.jpg,living_room,train,4
train/living_room/1591401697779759_4249899898596579__003_27182549938035102.jpg,living_room,train,5
train/living_room/151351752255977_2005296056861528__007_959377130431225.jpg,living_room,train,3
train/living_room/1250686224969130_26892431060367961__007_122189348102801796.jpg,living_room,train,3
train/living_room/1302750086537790_4249560821856687__002_10226621592724695.jpg,living_room,train,3
train/living_room/128182133878732_27242517932018452__006_10237948959077616.jpg,living_room,train,2
train/living_room/1424244737803677_4567394026822050__003_122309160794026955.jpg,living_room,train,3
train/living_room/1029345667543954_2391560647989109__005_27448405284744283.jpg,living_room,train,5
train/living_room/1532036997126363_4249650552031647__009_854371031069648.jpg,living_room,train,4
train/living_room/111163552234056_27873133952276976__003_2518386508677668.jpg,living_room,train,3
train/living_room/131650282168271_1325507586115862__002_948943251098516.jpg,living_room,train,5
train/living_room/1692162830827333_27020927987524135__005_10233285069845693.jpg,living_room,train,5
train/living_room/1665284003691199_4444623395757232__009_10163959147548361.jpg,living_room,train,4
train/living_room/133922880497171_2057745004781606__006_10241129903840228.jpg,living_room,train,1
train/living_room/110907419268500_2724246971267852__003_27002085602757977.jpg,living_room,train,3
train/living_room/1644120495892745_3942604149377690__002_26707039458989162.jpg,living_room,train,3
train/living_room/1374467126144215_4388385891418975__001_4388385891418975.jpg,living_room,train,4
train/living_room/1302750086537790_4234968963315873__004_10162253359671470.jpg,living_room,val,5
train/living_room/1532036997126363_4250863981910304__002_27057515690508935.jpg,living_room,val,5
train/living_room/1532036997126363_4265880437075325__004_1019574237270707.jpg,living_room,val,3
train/living_room/1029345667543954_2386775978467576__006_122266176302177389.jpg,living_room,val,5
train/living_room/1409711522615858_4201068543480128__005_10242338395973622.jpg,living_room,val,3
train/living_room/1480733602056021_26598181259884575__008_10243326111797306.jpg,living_room,val,3
train/living_room/1574044329492258_4578416402388354__001_4578416402388354.jpg,living_room,val,5
train/living_room/131650282168271_1325274926139128__007_10239869653773160.jpg,living_room,val,3
train/living_room/109471915759582_36092596793686972__005_26678701005074447.jpg,living_room,val,3
train/living_room/1414853725269536_26919432447718313__009_2538355516622502.jpg,living_room,val,4
train/living_room/1383397445076108_26816240701365099__009_3438950439604143.jpg,living_room,val,5
train/living_room/1308193765888197_36032469836367147__006_27633312232937308.jpg,living_room,val,4
train/living_room/167401334126918_2011593996374300__003_967717416169042.jpg,living_room,val,3
train/living_room/1333924010089214_3462299277251666__002_983399754638785.jpg,living_room,val,4
train/living_room/1692162830827333_26845071915109744__003_27108018418802393.jpg,living_room,val,3
train/living_room/1480733602056021_26591560410546660__007_2244585136294001.jpg,living_room,val,1
train/living_room/1029345667543954_2385875285224312__009_1890399358543092.jpg,living_room,val,5
train/living_room/1374467126144215_4381111678813063__001_4381111678813063.jpg,living_room,val,2
train/living_room/133922880497171_2059729471249826__002_10231122802124806.jpg,living_room,val,2
train/living_room/140974480089370_2198732280980236__001_2198732280980236.jpg,living_room,val,2
train/living_room/109471915759582_36030026273277358__003_1472544124670881.jpg,living_room,val,4
train/living_room/109471915759582_35846026301677357__001_35846026301677357.jpg,living_room,val,5
train/living_room/1108280606220345_2679739815741075__009_10163366126557832.jpg,living_room,val,5
train/living_room/1446203822077011_27355018444102194__001_27355018444102194.jpg,living_room,val,3
train/living_room/1658210834462300_4472438756372813__002_2476056092828600.jpg,living_room,val,3
train/living_room/133922880497171_2059391444616962__006_27219745777664151.jpg,living_room,val,3
train/living_room/137474916300778_26857139747240932__004_1337976764976988.jpg,living_room,val,2
train/living_room/111163552234056_27707054222218284__001_27707054222218284.jpg,living_room,val,4
train/living_room/1446203822077011_27393889350215103__001_1270425778576847.jpg,living_room,val,3
train/living_room/109471915759582_36035438712736114__004_1817560096036329.jpg,living_room,val,5
train/living_room/1308193765888197_36034758366138294__001_36034758366138294.jpg,living_room,val,3
train/living_room/1578259502584829_2455405281536909__003_122184662510803373.jpg,living_room,val,3
train/living_room/1383397445076108_26969320532723781__008_122122551471239186.jpg,living_room,val,5
train/living_room/1308193765888197_36021609050786559__003_10163238809518472.jpg,living_room,val,2
train/living_room/1333924010089214_3479499535531640__003_986462614351377.jpg,living_room,val,3
train/living_room/1592420637729022_3954792481491814__004_4326890057523931.jpg,living_room,val,4
train/living_room/126295760730491_28002650942668265__006_27050486137901745.jpg,living_room,val,5
train/living_room/1592420637729022_3952751671695895__003_10226533792245684.jpg,living_room,val,4
train/living_room/137474916300778_26766649952956579__001_26766649952956579.jpg,living_room,val,2
train/living_room/133922880497171_2059391444616962__007_27219745974330798.jpg,living_room,val,3
train/not_real_estate/126295760730491_27824064560526905__004_27506787492242930.jpg,not_real_estate,train,5
train/not_real_estate/140974480089370_2199857374201060__006_3127702060770395.jpg,not_real_estate,train,5
train/not_real_estate/1131541966889617_26978456995104760__001_26659487257078669.jpg,not_real_estate,train,5
train/not_real_estate/126295760730491_27911906198409407__002_10164165181452911.jpg,not_real_estate,train,5
train/not_real_estate/1444861819075775_4433786823516578__001_4433786823516578.jpg,not_real_estate,train,3
train/not_real_estate/1374467126144215_4380119485578949__010_10215889190219699.jpg,not_real_estate,train,1
train/not_real_estate/133922880497171_2060427147846725__006_3214837575391632.jpg,not_real_estate,train,3
train/not_real_estate/1394256424177525_4370807509855720__004_35847689051513676.jpg,not_real_estate,train,5
train/not_real_estate/1108075092683422_3610505249107048__001_2746197305753109.jpg,not_real_estate,train,5
train/not_real_estate/1692162830827333_26838743222409280__001_1482139423641041.jpg,not_real_estate,train,5
train/not_real_estate/1446203822077011_27393196260284412__002_1525595659578135.jpg,not_real_estate,train,5
train/not_real_estate/137474916300778_26697621629859412__004_122125806897199147.jpg,not_real_estate,train,5
train/not_real_estate/131650282168271_1338165938183360__009_10245145411476362.jpg,not_real_estate,train,4
train/not_real_estate/1302750086537790_4239217152891054__004_26464183889943870.jpg,not_real_estate,train,5
train/not_real_estate/1250686224969130_26916516251292775__003_3530786863730382.jpg,not_real_estate,train,5
train/not_real_estate/133922880497171_2060427147846725__012_3214837652058291.jpg,not_real_estate,train,5
train/not_real_estate/1592420637729022_3961345177503211__001_3961345177503211.jpg,not_real_estate,train,1
train/not_real_estate/1658210834462300_4484158675200821__007_122141325369120447.jpg,not_real_estate,train,5
train/not_real_estate/133922880497171_2056884674867639__010_10241113093714637.jpg,not_real_estate,train,5
train/not_real_estate/140974480089370_2199337094253088__003_1697471061674455.jpg,not_real_estate,train,5
train/not_real_estate/1308193765888197_36091258107154986__003_27509291962044169.jpg,not_real_estate,train,5
train/not_real_estate/126295760730491_27766964829570212__001_10242143946205147.jpg,not_real_estate,train,3
train/not_real_estate/1250686224969130_26915893961355004__001_122104479849304455.jpg,not_real_estate,train,4
train/not_real_estate/1369521363409648_2782820835413020__001_2782820835413020.jpg,not_real_estate,train,3
train/not_real_estate/1131541966889617_26899250846358709__005_26930722043190762.jpg,not_real_estate,train,4
train/not_real_estate/1121082361306682_26888990474089184__003_1570925355035295.jpg,not_real_estate,train,4
train/not_real_estate/1532036997126363_4248833428780026__001_4248833428780026.jpg,not_real_estate,train,3
train/not_real_estate/1034251924469584_1662889518272485__001_1601743088479159.jpg,not_real_estate,train,3
train/not_real_estate/1131541966889617_27021773117439814__007_26876547588628982.jpg,not_real_estate,train,5
train/not_real_estate/1108075092683422_3615381485286091__001_977030494919837.jpg,not_real_estate,train,5
train/not_real_estate/133922880497171_2056921848197255__011_26869620292703689.jpg,not_real_estate,train,3
train/not_real_estate/1644120495892745_3944658112505627__002_1693786855140199.jpg,not_real_estate,train,3
train/not_real_estate/131650282168271_1331176635548957__008_27544072531846205.jpg,not_real_estate,train,5
train/not_real_estate/1394256424177525_4368261336777004__004_1516005446655167.jpg,not_real_estate,train,5
train/not_real_estate/1446203822077011_27353893344214704__001_27353893344214704.jpg,not_real_estate,train,5
train/not_real_estate/128182133878732_27284413994495512__002_10243331875781088.jpg,not_real_estate,train,1
train/not_real_estate/128182133878732_27373486242254953__001_27373486242254953.jpg,not_real_estate,train,4
train/not_real_estate/133922880497171_2059452934610813__002_1681568886311715.jpg,not_real_estate,train,5
train/not_real_estate/1250686224969130_26854291277515273__011_845830631906993.jpg,not_real_estate,train,3
train/not_real_estate/1131541966889617_26886865644263896__001_122130865707009625.jpg,not_real_estate,train,5
train/not_real_estate/151351752255977_2006078806783253__001_2006078806783253.jpg,not_real_estate,train,4
train/not_real_estate/1578259502584829_2457898624620908__001_1255655593221251.jpg,not_real_estate,train,5
train/not_real_estate/126295760730491_27879758101624217__012_10243217941933127.jpg,not_real_estate,train,3
train/not_real_estate/128182133878732_27276959751907603__001_1285845533526246.jpg,not_real_estate,train,5
train/not_real_estate/1374467126144215_4386142971643267__002_10163341067854825.jpg,not_real_estate,train,4
train/not_real_estate/1509783812615243_4390322651227997__006_1362524469036865.jpg,not_real_estate,train,3
train/not_real_estate/1509783812615243_4389007521359510__003_1696282915125486.jpg,not_real_estate,train,4
train/not_real_estate/1532036997126363_4255698778093491__001_1867316737297907.jpg,not_real_estate,train,3
train/not_real_estate/1532036997126363_4246781525651883__003_996563306150217.jpg,not_real_estate,train,3
train/not_real_estate/1658210834462300_4475070562776299__005_10165153600919108.jpg,not_real_estate,train,5
train/not_real_estate/1108280606220345_2681287005586356__001_2681287005586356.jpg,not_real_estate,train,5
train/not_real_estate/1121082361306682_26846667224988176__001_1669323891247698.jpg,not_real_estate,train,4
train/not_real_estate/136756476866142_2179087959299640__008_10242475445721472.jpg,not_real_estate,train,5
train/not_real_estate/1029345667543954_2383443835467457__001_10164457946944382.jpg,not_real_estate,train,5
train/not_real_estate/1121082361306682_26895823243405907__001_26895823243405907.jpg,not_real_estate,train,5
train/not_real_estate/1509783812615243_4389047788022150__001_1740483854098570.jpg,not_real_estate,train,5
train/not_real_estate/1665284003691199_4452980811588157__003_2669900623403829.jpg,not_real_estate,train,5
train/not_real_estate/1692162830827333_27029656266651307__001_27029656266651307.jpg,not_real_estate,train,5
train/not_real_estate/1383397445076108_26985135357808965__002_35693025690342967.jpg,not_real_estate,train,2
train/not_real_estate/1131541966889617_26949148761368917__001_1384917283656428.jpg,not_real_estate,train,3
train/not_real_estate/1121082361306682_26886111447710420__002_26813068598335060.jpg,not_real_estate,train,4
train/not_real_estate/1109406492459598_27243693311937559__005_122111930259270319.jpg,not_real_estate,train,5
train/not_real_estate/1131541966889617_26868446089439185__001_1580783507380900.jpg,not_real_estate,train,5
train/not_real_estate/1250686224969130_26881182448159489__008_35937459085867911.jpg,not_real_estate,train,5
train/not_real_estate/1121082361306682_26882894621365436__003_27293843146865837.jpg,not_real_estate,train,4
train/not_real_estate/1308193765888197_36010170375263760__005_10242093692229695.jpg,not_real_estate,train,4
train/not_real_estate/1131541966889617_26931634133120380__001_26931634133120380.jpg,not_real_estate,train,1
train/not_real_estate/1591401697779759_4237008593219043__004_10164429049917527.jpg,not_real_estate,train,5
train/not_real_estate/1369521363409648_2779966152365155__008_1271682918456765.jpg,not_real_estate,train,4
train/not_real_estate/1121082361306682_26878458035142428__001_26749745457956077.jpg,not_real_estate,train,3
train/not_real_estate/1131541966889617_26900246769592450__004_2880721058932938.jpg,not_real_estate,train,4
train/not_real_estate/1692162830827333_26854417610841841__002_26862991649984074.jpg,not_real_estate,train,5
train/not_real_estate/1658210834462300_4472352516381437__010_26622254504062304.jpg,not_real_estate,train,1
train/not_real_estate/1302750086537790_4234726006673502__006_1966097557627574.jpg,not_real_estate,train,5
train/not_real_estate/1592420637729022_3948585618779167__008_10164032969931168.jpg,not_real_estate,train,4
train/not_real_estate/133922880497171_2056884674867639__012_10241113094794664.jpg,not_real_estate,train,4
train/not_real_estate/137474916300778_26775831512038423__005_996729506214936.jpg,not_real_estate,train,5
train/not_real_estate/1369521363409648_2781042905590813__005_10233733589986069.jpg,not_real_estate,train,3
train/not_real_estate/1444861819075775_4436941789867748__001_1247418544268513.jpg,not_real_estate,train,1
train/not_real_estate/1293017504164975_4080032082130156__001_4080032082130156.jpg,not_real_estate,train,5
train/not_real_estate/167401334126918_2017405015793198__003_2768730156815491.jpg,not_real_estate,train,2
train/not_real_estate/111163552234056_27793093430281029__001_27793093430281029.jpg,not_real_estate,train,3
train/not_real_estate/1100386826745670_27168872206137109__001_1265981882355371.jpg,not_real_estate,train,5
train/not_real_estate/1131541966889617_27058928107057648__001_1594883672637550.jpg,not_real_estate,train,5
train/not_real_estate/1108075092683422_3614165168741056__002_36480419328211917.jpg,not_real_estate,train,3
train/not_real_estate/1100386826745670_27255455600812102__001_2844257769269028.jpg,not_real_estate,train,5
train/not_real_estate/1250686224969130_26893343490276718__006_848381688318554.jpg,not_real_estate,train,3
train/not_real_estate/1308193765888197_36047024851578312__010_27535030919427271.jpg,not_real_estate,train,4
train/not_real_estate/1250686224969130_26914459811498419__004_1423475089812515.jpg,not_real_estate,train,4
train/not_real_estate/1532036997126363_4263539497309419__001_1293941222329496.jpg,not_real_estate,train,4
train/not_real_estate/1592420637729022_3951703471800715__001_986130637503202.jpg,not_real_estate,train,5
train/not_real_estate/137474916300778_26790081980613376__002_1521496586265278.jpg,not_real_estate,train,1
train/not_real_estate/1369521363409648_2779407635754340__001_2779407635754340.jpg,not_real_estate,train,2
train/not_real_estate/1108280606220345_2680796372302086__001_1005133928523602.jpg,not_real_estate,train,3
train/not_real_estate/1369521363409648_2781886672173103__002_3507690252733571.jpg,not_real_estate,train,5
train/not_real_estate/1333924010089214_3477361759078751__002_36738917752374253.jpg,not_real_estate,train,5
train/not_real_estate/1302750086537790_4252914218188014__001_4252914218188014.jpg,not_real_estate,train,1
train/not_real_estate/1369521363409648_2773662352995535__012_2394511931022689.jpg,not_real_estate,train,4
train/not_real_estate/1532036997126363_4248833428780026__004_122210446610451145.jpg,not_real_estate,train,4
train/not_real_estate/1108280606220345_2677818332599890__012_10242475510002328.jpg,not_real_estate,train,5
train/not_real_estate/1532036997126363_4263604217302947__001_1404630968377547.jpg,not_real_estate,train,5
train/not_real_estate/1131541966889617_27021773117439814__004_26876547575295650.jpg,not_real_estate,train,4
train/not_real_estate/1492833544374932_4494267460898177__001_4494267460898177.jpg,not_real_estate,train,5
train/not_real_estate/133922880497171_2058877221335051__002_2482963258816227.jpg,not_real_estate,train,3
train/not_real_estate/131650282168271_1326774689322485__002_26022169934123100.jpg,not_real_estate,train,4
train/not_real_estate/1117824112816877_1663438801588736__001_10164429052627369.jpg,not_real_estate,train,5
train/not_real_estate/1394256424177525_4366003113669493__001_4029033164061029.jpg,not_real_estate,train,4
train/not_real_estate/1665284003691199_4436576089895296__001_4436576089895296.jpg,not_real_estate,train,5
train/not_real_estate/137474916300778_26704203275867914__003_10242476737313761.jpg,not_real_estate,train,5
train/not_real_estate/1131541966889617_26966241142993012__002_27425084970411003.jpg,not_real_estate,train,4
train/not_real_estate/1369521363409648_2776124016082702__001_1672111963836086.jpg,not_real_estate,train,3
train/not_real_estate/1131541966889617_26931634133120380__003_26893535500242922.jpg,not_real_estate,train,1
train/not_real_estate/137474916300778_26797693626518878__008_4050437671767269.jpg,not_real_estate,train,1
train/not_real_estate/1100386826745670_27230578036633192__001_2842361979458607.jpg,not_real_estate,train,5
train/not_real_estate/1532036997126363_4246848132311889__001_27109640908620595.jpg,not_real_estate,train,4
train/not_real_estate/1131541966889617_26918353044448489__002_1414720847354606.jpg,not_real_estate,train,4
train/not_real_estate/167401334126918_2019569408910092__001_10214943078847100.jpg,not_real_estate,train,5
train/not_real_estate/1100386826745670_27256010684089927__001_4625815620987607.jpg,not_real_estate,train,3
train/not_real_estate/128182133878732_27242517932018452__008_10237948959917637.jpg,not_real_estate,train,5
train/not_real_estate/136756476866142_2184306605444442__007_4044825352328501.jpg,not_real_estate,train,1
train/not_real_estate/1383397445076108_26834387876217048__010_122198094572537724.jpg,not_real_estate,train,1
train/not_real_estate/1446203822077011_27392694373667934__003_10164257579694487.jpg,not_real_estate,train,1
train/not_real_estate/1175635132590303_3563807213773071__002_26425938260422097.jpg,not_real_estate,train,3
train/not_real_estate/1333924010089214_3468789353269325__012_1604805668319646.jpg,not_real_estate,train,5
train/not_real_estate/1131541966889617_26949366101347183__005_2129030917893013.jpg,not_real_estate,train,4
train/not_real_estate/1394256424177525_4369074803362324__001_26709646712037425.jpg,not_real_estate,train,5
train/not_real_estate/1250686224969130_26860592893551778__002_1515374360129852.jpg,not_real_estate,train,3
train/not_real_estate/1250686224969130_26911531395124594__001_26911531395124594.jpg,not_real_estate,train,5
train/not_real_estate/1658210834462300_4484146775202011__005_10162863534233193.jpg,not_real_estate,train,5
train/not_real_estate/125793327613639_3043424332517176__001_3043424332517176.jpg,not_real_estate,train,5
train/not_real_estate/111163552234056_27808002058790166__001_825923637261357.jpg,not_real_estate,train,5
train/not_real_estate/1131541966889617_27041089322174860__005_27872770508978509.jpg,not_real_estate,train,4
train/not_real_estate/1509783812615243_4389058598021069__005_966899102899521.jpg,not_real_estate,train,5
train/not_real_estate/1308193765888197_36014925628121568__004_10167690799143916.jpg,not_real_estate,train,5
train/not_real_estate/1369521363409648_2785634191798351__005_27098589386494338.jpg,not_real_estate,train,5
train/not_real_estate/1509783812615243_4389177568009172__003_27878429125077320.jpg,not_real_estate,train,5
train/not_real_estate/1374467126144215_4385128531744711__003_1530212128520045.jpg,not_real_estate,train,1
train/not_real_estate/133922880497171_2055294128360027__006_10163764339262435.jpg,not_real_estate,train,4
train/not_real_estate/1446203822077011_27300319836238722__001_1580532677407532.jpg,not_real_estate,train,5
train/not_real_estate/1692162830827333_26811615838455352__002_26820006080949298.jpg,not_real_estate,train,5
train/not_real_estate/1424244737803677_4557259174502202__008_4389147661405106.jpg,not_real_estate,train,5
train/not_real_estate/1029345667543954_2384997078645466__008_1392531966231269.jpg,not_real_estate,train,5
train/not_real_estate/1369521363409648_2782830978745339__001_2782830978745339.jpg,not_real_estate,train,1
train/not_real_estate/1592420637729022_3961188910852171__001_3961188910852171.jpg,not_real_estate,train,1
train/not_real_estate/167401334126918_2012977406235959__001_2791543691238518.jpg,not_real_estate,train,1
train/not_real_estate/1121082361306682_26902115192776712__004_1749292116033367.jpg,not_real_estate,train,1
train/not_real_estate/1644120495892745_3953840434920728__003_10237641406508289.jpg,not_real_estate,train,5
train/not_real_estate/1369521363409648_2780210015674102__001_10163222044879585.jpg,not_real_estate,train,5
train/not_real_estate/141224653236180_1856384361720192__004_10163601116421749.jpg,not_real_estate,train,3
train/not_real_estate/1121082361306682_26908318272156404__001_27352856717652139.jpg,not_real_estate,train,5
train/not_real_estate/137474916300778_26706040739017501__001_26373420892332474.jpg,not_real_estate,train,5
train/not_real_estate/1369521363409648_2779402765754827__002_122130193071005321.jpg,not_real_estate,train,2
train/not_real_estate/1250686224969130_26881182448159489__007_35937457725868047.jpg,not_real_estate,train,3
train/not_real_estate/167401334126918_2013556686178031__002_2456530724768411.jpg,not_real_estate,train,5
train/not_real_estate/1250686224969130_26819569827654085__002_1741089190215677.jpg,not_real_estate,train,3
train/not_real_estate/1131541966889617_27014716821478777__009_3156016074587475.jpg,not_real_estate,train,3
train/not_real_estate/133922880497171_2058211521401621__001_1519535263046249.jpg,not_real_estate,train,5
train/not_real_estate/1446203822077011_27303205042616868__001_27303205042616868.jpg,not_real_estate,train,4
train/not_real_estate/1369521363409648_2779966152365155__010_1271683011790089.jpg,not_real_estate,train,4
train/not_real_estate/1509783812615243_4389087321351530__001_122205362606792300.jpg,not_real_estate,train,5
train/not_real_estate/141224653236180_1853070888718206__004_1671850690947450.jpg,not_real_estate,train,5
train/not_real_estate/101875683484689_2907919872880242__001_36036343896009204.jpg,not_real_estate,train,5
train/not_real_estate/1369521363409648_2774409806254123__001_122126990589207031.jpg,not_real_estate,train,3
train/not_real_estate/1131541966889617_27030160483267744__008_1763192451704410.jpg,not_real_estate,train,5
train/not_real_estate/1532036997126363_4250039565326079__001_26538072759154945.jpg,not_real_estate,train,5
train/not_real_estate/1592420637729022_3947694738868255__008_10164029093996168.jpg,not_real_estate,train,4
train/not_real_estate/1592420637729022_3949856048652124__009_10164037845951168.jpg,not_real_estate,train,4
train/not_real_estate/1692162830827333_26944027445214190__001_10233220495991387.jpg,not_real_estate,train,5
train/not_real_estate/133922880497171_2058717958017644__001_2058717958017644.jpg,not_real_estate,train,1
train/not_real_estate/126295760730491_27879758101624217__002_10243217937933027.jpg,not_real_estate,train,5
train/not_real_estate/1444861819075775_4432744043620856__001_1546311303517652.jpg,not_real_estate,train,5
train/not_real_estate/1509783812615243_4390004617926467__004_1988318635124815.jpg,not_real_estate,train,4
train/not_real_estate/1509783812615243_4389100878016841__001_122114973272949080.jpg,not_real_estate,train,5
train/not_real_estate/1532036997126363_4248845352112167__001_27154868107431208.jpg,not_real_estate,train,5
train/not_real_estate/1446203822077011_27392604377010267__008_2782026195505598.jpg,not_real_estate,train,5
train/not_real_estate/110907419268500_2731626893863193__001_2731626893863193.jpg,not_real_estate,train,5
train/not_real_estate/1131541966889617_27040237588926700__001_1625048876290861.jpg,not_real_estate,train,5
train/not_real_estate/1444861819075775_4435680973327163__001_4068298196793791.jpg,not_real_estate,train,5
train/not_real_estate/1121082361306682_26888830687438496__001_10242251161717701.jpg,not_real_estate,train,5
train/not_real_estate/1658210834462300_4319012855048738__003_10163912166604375.jpg,not_real_estate,train,1
train/not_real_estate/1369521363409648_2778278049200632__001_1497107992123318.jpg,not_real_estate,train,2
train/not_real_estate/1509783812615243_4389595997967329__001_4389595997967329.jpg,not_real_estate,train,2
train/not_real_estate/1308193765888197_35960569260223872__009_10242351263900647.jpg,not_real_estate,train,4
train/not_real_estate/137474916300778_26844651831823057__004_1009790781579294.jpg,not_real_estate,train,5
train/not_real_estate/1658210834462300_4490426681240687__002_10216158739557209.jpg,not_real_estate,train,5
train/not_real_estate/1121082361306682_26912201718434726__001_26912201718434726.jpg,not_real_estate,train,3
train/not_real_estate/111163552234056_27791909870399385__004_10164433075513571.jpg,not_real_estate,train,5
train/not_real_estate/1121082361306682_26902115192776712__001_26902115192776712.jpg,not_real_estate,train,3
train/not_real_estate/1131541966889617_26900806879536439__003_122181689408837532.jpg,not_real_estate,train,3
train/not_real_estate/1117824112816877_1669859370946679__002_122258997812989233.jpg,not_real_estate,train,4
train/not_real_estate/1131541966889617_26965920496358410__011_992349739972348.jpg,not_real_estate,train,3
train/not_real_estate/133922880497171_2056884674867639__008_10241113092514607.jpg,not_real_estate,train,4
train/not_real_estate/128182133878732_27222704993999746__002_27257163273869747.jpg,not_real_estate,train,1
train/not_real_estate/1108280606220345_2677818332599890__011_10242475509762322.jpg,not_real_estate,train,4
train/not_real_estate/133922880497171_2055930748296365__009_1337826864868332.jpg,not_real_estate,train,3
train/not_real_estate/1250686224969130_26861910640086670__001_10215597500286013.jpg,not_real_estate,train,5
train/not_real_estate/1692162830827333_26890989217184680__002_26899518766331362.jpg,not_real_estate,train,5
train/not_real_estate/1175635132590303_3551363648350761__007_35533698702911538.jpg,not_real_estate,train,5
train/not_real_estate/1250686224969130_26862877323323335__002_1419824463510911.jpg,not_real_estate,train,4
train/not_real_estate/1692162830827333_26891058520511083__006_27110458178550000.jpg,not_real_estate,train,3
train/not_real_estate/1131541966889617_26904146792535781__001_26904146792535781.jpg,not_real_estate,train,5
train/not_real_estate/1374467126144215_4383293395261558__008_1431101659049890.jpg,not_real_estate,train,1
train/not_real_estate/1369521363409648_2773662352995535__011_2394511907689358.jpg,not_real_estate,train,5
train/not_real_estate/1302750086537790_4246025782210191__005_10241585073432585.jpg,not_real_estate,train,3
train/not_real_estate/1131541966889617_26965679896382470__001_10242379977224994.jpg,not_real_estate,train,3
train/not_real_estate/1108075092683422_3615934425230797__001_1261570309462394.jpg,not_real_estate,train,4
train/not_real_estate/1394256424177525_4371231236480014__003_10243171633134823.jpg,not_real_estate,train,4
train/not_real_estate/1509783812615243_4389261324667463__010_1343126921253240.jpg,not_real_estate,train,5
train/not_real_estate/1250686224969130_26888137184130682__001_27699186816350503.jpg,not_real_estate,train,5
train/not_real_estate/1444861819075775_4430587133836547__001_26744158241914921.jpg,not_real_estate,train,5
train/not_real_estate/1374467126144215_4386142971643267__004_10163341067899825.jpg,not_real_estate,train,5
train/not_real_estate/1532036997126363_4259818987681470__001_26725573920435948.jpg,not_real_estate,train,3
train/not_real_estate/128182133878732_27416142641322646__008_10242293392499595.jpg,not_real_estate,train,1
train/not_real_estate/1131541966889617_26888049384145522__002_1887126975307344.jpg,not_real_estate,train,4
train/not_real_estate/137474916300778_26723357040619204__005_1663606412440961.jpg,not_real_estate,train,5
train/not_real_estate/1644120495892745_3955899601381478__002_10164633121370859.jpg,not_real_estate,train,5
train/not_real_estate/1250686224969130_26866642586280142__012_1420089000151124.jpg,not_real_estate,train,3
train/not_real_estate/1394256424177525_4361065177496620__002_1563865795357466.jpg,not_real_estate,train,4
train/not_real_estate/1250686224969130_26881182448159489__002_35937458445867975.jpg,not_real_estate,train,2
train/not_real_estate/1131541966889617_26900806879536439__002_122181689438837532.jpg,not_real_estate,train,3
train/not_real_estate/101875683484689_2906356163036613__001_2906356163036613.jpg,not_real_estate,train,5
train/not_real_estate/1509783812615243_4389932534600342__001_10231600816434034.jpg,not_real_estate,train,5
train/not_real_estate/1394256424177525_4351928605076944__001_4351928605076944.jpg,not_real_estate,train,5
train/not_real_estate/1509783812615243_4389177568009172__002_27878429121743987.jpg,not_real_estate,train,4
train/not_real_estate/1250686224969130_26830979706513097__004_1417635727063118.jpg,not_real_estate,train,4
train/not_real_estate/1374467126144215_4392636550993909__004_10163365961479825.jpg,not_real_estate,train,5
train/not_real_estate/1250686224969130_26827776830166718__006_844006715422718.jpg,not_real_estate,train,3
train/not_real_estate/1250686224969130_26798387413105660__009_2223599775064136.jpg,not_real_estate,train,3
train/not_real_estate/1250686224969130_26900609142883486__001_26900609142883486.jpg,not_real_estate,train,5
train/not_real_estate/1121082361306682_26895557233432508__004_26539260549079290.jpg,not_real_estate,train,5
train/not_real_estate/1250686224969130_26801910886086646__003_1415667057259985.jpg,not_real_estate,train,4
train/not_real_estate/101875683484689_2906314103040819__003_122354144420029344.jpg,not_real_estate,train,5
train/not_real_estate/1446203822077011_27327959490141423__001_1266267272326031.jpg,not_real_estate,train,5
train/not_real_estate/1131541966889617_26989145990702527__001_26430408913322207.jpg,not_real_estate,train,5
train/not_real_estate/137474916300778_26671815455773363__005_4037779039699799.jpg,not_real_estate,train,1
train/not_real_estate/1121082361306682_26882696141385284__001_27691840140418136.jpg,not_real_estate,train,5
train/not_real_estate/1509783812615243_4388980261362236__001_122195279342886531.jpg,not_real_estate,train,5
train/not_real_estate/1308193765888197_36080997128181084__001_36080997128181084.jpg,not_real_estate,train,5
train/not_real_estate/1131541966889617_26904146792535781__011_10226054918679380.jpg,not_real_estate,train,5
train/not_real_estate/1302750086537790_4234720433340726__010_1971564070414256.jpg,not_real_estate,train,5
train/not_real_estate/1333924010089214_3461578337323760__002_1622623612806899.jpg,not_real_estate,train,5
train/not_real_estate/137474916300778_26781623011459273__001_1687036115973960.jpg,not_real_estate,train,1
train/not_real_estate/1121082361306682_26859161873738711__006_122169500132740000.jpg,not_real_estate,train,2
train/not_real_estate/1680081865754345_2484983645264159__001_1961874454534729.jpg,not_real_estate,train,3
train/not_real_estate/125793327613639_3042077332651876__002_1495580252012905.jpg,not_real_estate,train,4
train/not_real_estate/1308193765888197_36035420782738719__004_10241669101213227.jpg,not_real_estate,train,3
train/not_real_estate/1121082361306682_26907615642226667__002_1709918917093678.jpg,not_real_estate,train,5
train/not_real_estate/1369521363409648_2777961322565638__001_984329190658219.jpg,not_real_estate,train,1
train/not_real_estate/1592420637729022_3960330707604658__001_10164211946982270.jpg,not_real_estate,train,5
train/not_real_estate/126295760730491_27913622651571095__001_861669630280213.jpg,not_real_estate,train,4
train/not_real_estate/1185455534885646_26481474544857063__001_26481474544857063.jpg,not_real_estate,train,5
train/not_real_estate/1444861819075775_4443983762496884__005_1572183264719551.jpg,not_real_estate,train,3
train/not_real_estate/1444861819075775_4443363805892213__003_122214295556323800.jpg,not_real_estate,train,3
train/not_real_estate/1117824112816877_1664001478199135__001_2740208079677939.jpg,not_real_estate,train,4
train/not_real_estate/1131541966889617_27033578752925917__011_1422838863209471.jpg,not_real_estate,train,4
train/not_real_estate/1302750086537790_4249251671887602__003_10163865643728213.jpg,not_real_estate,train,5
train/not_real_estate/1394256424177525_4370807509855720__002_35847689058180342.jpg,not_real_estate,train,5
train/not_real_estate/1692162830827333_26915120891438179__001_26915120891438179.jpg,not_real_estate,train,5
train/not_real_estate/167401334126918_2018047509062282__001_2018047509062282.jpg,not_real_estate,train,5
train/not_real_estate/133922880497171_2059499267939513__010_3213638632178193.jpg,not_real_estate,train,3
train/not_real_estate/1394256424177525_4356721207931017__001_4356721207931017.jpg,not_real_estate,train,5
train/not_real_estate/1100386826745670_27283127874711541__004_1301653532109791.jpg,not_real_estate,train,3
train/not_real_estate/1302750086537790_4237338629745573__004_122175717986746125.jpg,not_real_estate,train,1
train/not_real_estate/1509783812615243_4390037797923149__001_4390037797923149.jpg,not_real_estate,train,5
train/not_real_estate/140974480089370_2200842810769183__001_3491567997666993.jpg,not_real_estate,train,5
train/not_real_estate/141224653236180_1855287915163170__002_10163993515533567.jpg,not_real_estate,train,5
train/not_real_estate/1394256424177525_4369185670017904__010_26912739678391727.jpg,not_real_estate,train,2
train/not_real_estate/1185455534885646_26470597092611475__001_26470597092611475.jpg,not_real_estate,train,5
train/not_real_estate/126295760730491_27802732292660132__011_10243829381889499.jpg,not_real_estate,train,5
train/not_real_estate/1633400986898549_4344481692457118__001_3030806650437043.jpg,not_real_estate,train,3
train/not_real_estate/1394256424177525_4368261336777004__011_1516005449988500.jpg,not_real_estate,train,5
train/not_real_estate/1250686224969130_26916654471278953__005_122123910453228109.jpg,not_real_estate,train,5
train/not_real_estate/1108075092683422_3611284099029163__003_3513613498812473.jpg,not_real_estate,train,3
train/not_real_estate/136756476866142_2179235992618170__002_10242477535493715.jpg,not_real_estate,train,5
train/not_real_estate/1108075092683422_3625448580946048__002_1307003214176085.jpg,not_real_estate,train,3
train/not_real_estate/1131541966889617_26949366101347183__006_2129030944559677.jpg,not_real_estate,train,5
train/not_real_estate/1131541966889617_26926622676954859__001_2547549425678019.jpg,not_real_estate,train,5
train/not_real_estate/1131541966889617_26929858629964597__003_26564099159865247.jpg,not_real_estate,train,3
train/not_real_estate/1250686224969130_26821943117416756__010_122139142083016905.jpg,not_real_estate,train,4
train/not_real_estate/1383397445076108_26834272752895227__011_122207972216550364.jpg,not_real_estate,train,3
train/not_real_estate/137474916300778_26707889655499276__005_10215911315053360.jpg,not_real_estate,train,5
train/not_real_estate/1131541966889617_26940584942225299__001_26940584942225299.jpg,not_real_estate,train,5
train/not_real_estate/1302750086537790_4235614349918001__004_10164465054024379.jpg,not_real_estate,train,5
train/not_real_estate/1692162830827333_26938940599056208__006_27159193047009846.jpg,not_real_estate,train,3
train/not_real_estate/141224653236180_1856597971698831__001_27771012635822239.jpg,not_real_estate,train,5
train/not_real_estate/108387882545483_27050849351205971__001_27050849351205971.jpg,not_real_estate,train,4
train/not_real_estate/1409711522615858_4214144595505856__001_35705620519082269.jpg,not_real_estate,train,4
train/not_real_estate/137474916300778_26730365143251727__002_4502868986656752.jpg,not_real_estate,train,5
train/not_real_estate/1108075092683422_3612121322278774__001_35700235999619997.jpg,not_real_estate,train,5
train/not_real_estate/140974480089370_2199820364204761__008_4369848086623320.jpg,not_real_estate,train,3
train/not_real_estate/101875683484689_2902260500112846__001_2807468986274799.jpg,not_real_estate,train,3
train/not_real_estate/1414853725269536_27029319753396248__001_27029319753396248.jpg,not_real_estate,train,1
train/not_real_estate/1131541966889617_26949366101347183__007_2129031051226333.jpg,not_real_estate,train,5
train/not_real_estate/1374467126144215_4393508247573406__003_1616162260232388.jpg,not_real_estate,train,3
train/not_real_estate/1121067317909873_27938966565693251__003_1285495307095001.jpg,not_real_estate,train,5
train/not_real_estate/1121067317909873_27712768404979736__001_27233705256221822.jpg,not_real_estate,train,5
train/not_real_estate/1302750086537790_4234958789983557__010_1676167817050321.jpg,not_real_estate,train,5
train/not_real_estate/1131541966889617_26931634133120380__004_26893535506909588.jpg,not_real_estate,train,2
train/not_real_estate/131650282168271_1336995504967070__001_987215820338954.jpg,not_real_estate,train,5
train/not_real_estate/133922880497171_2056884674867639__002_10241113088994519.jpg,not_real_estate,train,5
train/not_real_estate/1369521363409648_2778351695859934__008_2399065830567299.jpg,not_real_estate,train,5
train/not_real_estate/1383397445076108_26951486367840531__001_10238864326320164.jpg,not_real_estate,train,3
train/not_real_estate/1509783812615243_4389359067991022__001_26812471558379329.jpg,not_real_estate,train,5
train/not_real_estate/1509783812615243_4390318301228432__001_27362577396673689.jpg,not_real_estate,train,5
train/not_real_estate/1131541966889617_27052200137730445__001_10241585600433677.jpg,not_real_estate,train,5
train/not_real_estate/1692162830827333_26811723488444587__001_2251575011918075.jpg,not_real_estate,train,3
train/not_real_estate/1414853725269536_27012780291716861__004_1298376732269976.jpg,not_real_estate,train,5
train/not_real_estate/1175635132590303_3557774944376298__006_2430079697404444.jpg,not_real_estate,train,5
train/not_real_estate/1175635132590303_3552476758239450__007_2425917521153995.jpg,not_real_estate,train,5
train/not_real_estate/1131541966889617_27039380479012411__011_3158031334385949.jpg,not_real_estate,train,3
train/not_real_estate/1509783812615243_4389455687981360__001_4389455687981360.jpg,not_real_estate,train,4
train/not_real_estate/131650282168271_1326903415976279__001_1326903415976279.jpg,not_real_estate,train,5
train/not_real_estate/128182133878732_27240194005584178__007_10237946149847387.jpg,not_real_estate,train,5
train/not_real_estate/1131541966889617_26954757620808031__001_10226092593061216.jpg,not_real_estate,train,5
train/not_real_estate/1108075092683422_3613293205494919__001_3515644305276059.jpg,not_real_estate,train,5
train/not_real_estate/1131541966889617_26898976033052857__004_26809951601954590.jpg,not_real_estate,train,3
train/not_real_estate/1121082361306682_26882894621365436__007_27293844440199041.jpg,not_real_estate,train,5
train/not_real_estate/140974480089370_2198881664298631__003_1973843423494546.jpg,not_real_estate,train,5
train/not_real_estate/133922880497171_2060205584535548__001_979404441719778.jpg,not_real_estate,train,4
train/not_real_estate/1369521363409648_2779162772445493__001_27477180121874696.jpg,not_real_estate,train,5
train/not_real_estate/1250686224969130_26913732254904508__003_1423417643151593.jpg,not_real_estate,train,5
train/not_real_estate/115046608513246_36047284078196044__001_1422539076306025.jpg,not_real_estate,train,5
train/not_real_estate/1250686224969130_26905573395720394__004_2085566539504645.jpg,not_real_estate,train,5
train/not_real_estate/1697699190534876_3928552974116142__001_3928552974116142.jpg,not_real_estate,train,5
train/not_real_estate/1424244737803677_4552205848340868__008_27941095792145690.jpg,not_real_estate,train,3
train/not_real_estate/1444861819075775_4434889606739633__001_1547958886686227.jpg,not_real_estate,train,5
train/not_real_estate/1131541966889617_26925029543780839__002_2205387400294963.jpg,not_real_estate,train,3
train/not_real_estate/133922880497171_2057746434781463__001_122221356188327210.jpg,not_real_estate,train,5
train/not_real_estate/1250686224969130_26847440771533657__012_845385145284875.jpg,not_real_estate,train,3
train/not_real_estate/1592420637729022_3962563650714697__001_3962563650714697.jpg,not_real_estate,train,5
train/not_real_estate/1532036997126363_4263267410669961__001_4263267410669961.jpg,not_real_estate,train,5
train/not_real_estate/167401334126918_2008123143388052__001_970909175302274.jpg,not_real_estate,train,5
train/not_real_estate/1369521363409648_2782671075427996__001_2088974455013786.jpg,not_real_estate,train,4
train/not_real_estate/1121082361306682_26893987163589515__001_122169859274934922.jpg,not_real_estate,train,5
train/not_real_estate/1250686224969130_26798387413105660__004_2223599781730802.jpg,not_real_estate,train,2
train/not_real_estate/1414853725269536_26990139597314264__004_10242658704992097.jpg,not_real_estate,train,5
train/not_real_estate/133922880497171_2059453997944040__001_26980413888278481.jpg,not_real_estate,train,1
train/not_real_estate/1394256424177525_4369185670017904__012_26912740695058292.jpg,not_real_estate,train,3
train/not_real_estate/1532036997126363_4256447434685292__001_3039307279602022.jpg,not_real_estate,train,2
train/not_real_estate/111163552234056_27754699177453788__002_1519529346408160.jpg,not_real_estate,train,4
train/not_real_estate/1374467126144215_4386645514926346__004_10236461778258186.jpg,not_real_estate,train,5
train/not_real_estate/1532036997126363_4263513657312003__001_27342531135331570.jpg,not_real_estate,train,4
train/not_real_estate/1131541966889617_27019921084291684__001_10242745526885373.jpg,not_real_estate,train,5
train/not_real_estate/1532036997126363_4248320675497968__001_122209365470532439.jpg,not_real_estate,train,5
train/not_real_estate/1131541966889617_27017492734534519__005_4448337855403178.jpg,not_real_estate,train,2
train/not_real_estate/1658210834462300_4474815782801777__006_10165152444834108.jpg,not_real_estate,train,5
train/not_real_estate/133922880497171_2056459501576823__010_996547676213375.jpg,not_real_estate,train,5
train/not_real_estate/1640846923143813_2118512585377242__001_951008794485703.jpg,not_real_estate,train,5
train/not_real_estate/1532036997126363_4262318390764863__001_974295758542380.jpg,not_real_estate,train,4
train/not_real_estate/1383397445076108_26969146502741184__001_10238882009962244.jpg,not_real_estate,train,3
train/not_real_estate/1293017504164975_4080016332131731__001_803652355932381.jpg,not_real_estate,train,5
train/not_real_estate/1131541966889617_26927824230168037__001_26927824230168037.jpg,not_real_estate,train,5
train/not_real_estate/1308193765888197_36020940057520125__002_122134290849157222.jpg,not_real_estate,train,4
train/not_real_estate/1308193765888197_35955851160695682__003_27437972349176131.jpg,not_real_estate,train,5
train/not_real_estate/1574044329492258_4575119076051420__007_2775481139455551.jpg,not_real_estate,train,5
train/not_real_estate/1250686224969130_26820817307529337__012_843493578807365.jpg,not_real_estate,train,1
train/not_real_estate/1394256424177525_4369185670017904__007_26912738168391878.jpg,not_real_estate,train,1
train/not_real_estate/1692162830827333_26815204181429851__001_27204495512488408.jpg,not_real_estate,train,3
train/not_real_estate/1509783812615243_4389106754682920__001_1523676965923719.jpg,not_real_estate,train,5
train/not_real_estate/1692162830827333_26978734741743460__002_26986749064274998.jpg,not_real_estate,train,5
train/not_real_estate/1532036997126363_4249608995369136__001_122177164118859025.jpg,not_real_estate,train,5
train/not_real_estate/1121082361306682_26902115192776712__003_1749292099366702.jpg,not_real_estate,train,1
train/not_real_estate/1250686224969130_26826281230316278__006_843910435432346.jpg,not_real_estate,train,3
train/not_real_estate/1658210834462300_4483060431977312__006_982987604269620.jpg,not_real_estate,train,5
train/not_real_estate/1444861819075775_4434859933409267__010_10238791851348546.jpg,not_real_estate,train,5
train/not_real_estate/1250686224969130_26880603814884019__001_3494469280700005.jpg,not_real_estate,train,4
train/not_real_estate/1250686224969130_26880799471531120__003_1421049733388384.jpg,not_real_estate,train,3
train/not_real_estate/1308193765888197_35998935899720541__004_10167686785948916.jpg,not_real_estate,train,5
train/not_real_estate/1121082361306682_26845367681784797__001_122240564168575273.jpg,not_real_estate,train,3
train/not_real_estate/1446203822077011_27299089773028395__008_122161395560819325.jpg,not_real_estate,train,3
train/not_real_estate/1369521363409648_2774231656271938__001_27263835383209720.jpg,not_real_estate,train,2
train/not_real_estate/1131541966889617_27016877937929332__001_26718900511115360.jpg,not_real_estate,train,5
train/not_real_estate/1131541966889617_26978141088469684__002_2209097726590597.jpg,not_real_estate,train,3
train/not_real_estate/1578259502584829_2457873241290113__001_26866266226373186.jpg,not_real_estate,train,5
train/not_real_estate/1394256424177525_4368261336777004__002_1516005463321832.jpg,not_real_estate,train,4
train/not_real_estate/1644120495892745_3940864409551664__003_26523285293949032.jpg,not_real_estate,train,5
train/not_real_estate/133922880497171_2059366167952823__001_2059366167952823.jpg,not_real_estate,train,3
train/not_real_estate/1644120495892745_3942201976084574__008_10164014518226168.jpg,not_real_estate,train,4
train/not_real_estate/1131541966889617_26931634133120380__002_26893535496909589.jpg,not_real_estate,train,2
train/not_real_estate/133922880497171_2058881704667936__001_2409734492878866.jpg,not_real_estate,train,5
train/not_real_estate/1532036997126363_4246781525651883__002_996563292816885.jpg,not_real_estate,train,3
train/not_real_estate/1509783812615243_4388984338028495__001_10164392092163872.jpg,not_real_estate,train,5
train/not_real_estate/1394256424177525_4364239463845858__004_1512622023660176.jpg,not_real_estate,train,5
train/not_real_estate/1302750086537790_4250300708449365__004_122277674642080930.jpg,not_real_estate,train,1
train/not_real_estate/1509783812615243_4389011348025794__002_122141198127017715.jpg,not_real_estate,train,4
train/not_real_estate/1444861819075775_4432748700287057__008_3510988692402005.jpg,not_real_estate,train,1
train/not_real_estate/1250686224969130_26790586043885797__003_1739002667090996.jpg,not_real_estate,train,3
train/not_real_estate/128182133878732_27379241625012748__005_122177268920952568.jpg,not_real_estate,train,3
train/not_real_estate/1250686224969130_26898705626407171__004_848741221615934.jpg,not_real_estate,train,3
train/not_real_estate/137474916300778_26775730002048574__004_122126834271199147.jpg,not_real_estate,train,5
train/not_real_estate/1108280606220345_2681286675586389__001_2645866415477836.jpg,not_real_estate,train,5
train/not_real_estate/1444861819075775_4435547743340486__006_4491614737651446.jpg,not_real_estate,train,3
train/not_real_estate/1131541966889617_26941030858847374__002_122244410984041772.jpg,not_real_estate,train,3
train/not_real_estate/1308193765888197_35917403211207144__002_122133531873157222.jpg,not_real_estate,train,4
train/not_real_estate/1692162830827333_26865988803018055__006_27084885031107315.jpg,not_real_estate,train,3
train/not_real_estate/162570224559186_2202876340528554__012_1700388644611996.jpg,not_real_estate,train,1
train/not_real_estate/131650282168271_1331561865510434__005_27481951991396507.jpg,not_real_estate,train,5
train/not_real_estate/1131541966889617_26888203637463430__001_10237913908499907.jpg,not_real_estate,train,5
train/not_real_estate/1532036997126363_4264853387178030__001_27248759291397444.jpg,not_real_estate,train,4
train/not_real_estate/133922880497171_2058695964686510__001_2058695964686510.jpg,not_real_estate,train,4
train/not_real_estate/126295760730491_27891108627155831__005_26941054882178205.jpg,not_real_estate,val,3
train/not_real_estate/1444861819075775_4436640359897891__003_27293764830208941.jpg,not_real_estate,val,1
train/not_real_estate/1444861819075775_4441878916040702__003_27360049006913856.jpg,not_real_estate,val,1
train/not_real_estate/1108075092683422_3626508377506735__002_2033408017212933.jpg,not_real_estate,val,5
train/not_real_estate/1369521363409648_2779375519090885__006_27006472052372739.jpg,not_real_estate,val,5
train/not_real_estate/140974480089370_2198881664298631__002_1973843416827880.jpg,not_real_estate,val,4
train/not_real_estate/1446203822077011_27355280980742607__001_27355280980742607.jpg,not_real_estate,val,5
train/not_real_estate/1308193765888197_35915825111364954__011_4333446713634363.jpg,not_real_estate,val,5
train/not_real_estate/111163552234056_27818730161050689__001_27818730161050689.jpg,not_real_estate,val,3
train/not_real_estate/1369521363409648_2785969261764844__001_10164721543339604.jpg,not_real_estate,val,5
train/not_real_estate/1369521363409648_2773744202987350__004_1476679250818331.jpg,not_real_estate,val,4
train/not_real_estate/1302750086537790_4239964966149606__002_3382912678547282.jpg,not_real_estate,val,4
train/not_real_estate/1644120495892745_3946967912274647__001_1514890523326680.jpg,not_real_estate,val,5
train/not_real_estate/1308193765888197_36038134505800680__009_10242395193158851.jpg,not_real_estate,val,4
train/not_real_estate/1665284003691199_4436996363186602__001_10231581287850977.jpg,not_real_estate,val,5
train/not_real_estate/140974480089370_2198786687641462__008_26082459471428593.jpg,not_real_estate,val,2
train/not_real_estate/1108075092683422_3620405081450398__002_122181069698878550.jpg,not_real_estate,val,1
train/not_real_estate/133922880497171_2057738141448959__001_122179604636744139.jpg,not_real_estate,val,5
train/not_real_estate/1333924010089214_3467009740113953__001_3467009740113953.jpg,not_real_estate,val,3
train/not_real_estate/1369521363409648_2779889515706152__005_27013965581623386.jpg,not_real_estate,val,5
train/not_real_estate/111163552234056_27789657097291329__004_3859690034166504.jpg,not_real_estate,val,3
train/not_real_estate/1109406492459598_27084421677864724__006_10243151628468868.jpg,not_real_estate,val,4
train/not_real_estate/1121082361306682_26914989858155912__004_26850472434620733.jpg,not_real_estate,val,5
train/not_real_estate/1394256424177525_4368876826715455__011_122184571010864858.jpg,not_real_estate,val,3
train/not_real_estate/1578259502584829_2454628918281212__008_35565759136400601.jpg,not_real_estate,val,1
train/not_real_estate/1333924010089214_3460610794087181__003_122307564146222927.jpg,not_real_estate,val,4
train/not_real_estate/136756476866142_2185590811982688__001_26797693626518878.jpg,not_real_estate,val,3
train/not_real_estate/1131541966889617_26925924063691387__001_1637408977538966.jpg,not_real_estate,val,5
train/not_real_estate/1406864606053059_35634070562905692__008_122184062738601825.jpg,not_real_estate,val,5
train/not_real_estate/111163552234056_27790517297205309__001_27790517297205309.jpg,not_real_estate,val,3
train/not_real_estate/1302750086537790_4241838642628905__004_26490664067295852.jpg,not_real_estate,val,5
train/not_real_estate/1466088316786306_26983740827927704__001_10164338681964636.jpg,not_real_estate,val,4
train/not_real_estate/1369521363409648_2776592846035819__001_1354642906769866.jpg,not_real_estate,val,4
train/not_real_estate/1302750086537790_4239191216226981__004_26463872799974979.jpg,not_real_estate,val,5
train/not_real_estate/131650282168271_1329581542375133__006_27519992480920877.jpg,not_real_estate,val,5
train/not_real_estate/1509783812615243_4390037797923149__004_27448388634758830.jpg,not_real_estate,val,4
train/not_real_estate/1250686224969130_26886174757660258__009_847866228370100.jpg,not_real_estate,val,3
train/not_real_estate/1509783812615243_4389455687981360__004_122165210828714951.jpg,not_real_estate,val,4
train/not_real_estate/1366132596796007_26730082726640978__002_1584705530325150.jpg,not_real_estate,val,3
train/not_real_estate/1333924010089214_3461227167358877__001_979681314434970.jpg,not_real_estate,val,5
test/balcony/1592420637729022_3948445985459797__001_3948445985459797.jpg,balcony,test,3
test/balcony/1369521363409648_2782386775456426__006_27117944874466144.jpg,balcony,test,5
test/balcony/1664792386922491_26600341619607556__006_26932524239675896.jpg,balcony,test,3
test/balcony/167401334126918_2015383282662038__011_26848363348117666.jpg,balcony,test,4
test/balcony/1029345667543954_2384027598742414__008_10164461160754382.jpg,balcony,test,5
test/balcony/1333924010089214_3477247745756819__003_995564140089013.jpg,balcony,test,3
test/balcony/1100386826745670_27282943674729961__008_1633697538759252.jpg,balcony,test,4
test/balcony/1574044329492258_4570089523221042__003_10162267943436470.jpg,balcony,test,3
test/balcony/128182133878732_27452903770979866__001_27452903770979866.jpg,balcony,test,5
test/balcony/1374467126144215_4384641198460111__002_10167862740158747.jpg,balcony,test,4
test/balcony/1117824112816877_1670003164265633__004_122111331255127238.jpg,balcony,test,5
test/balcony/162570224559186_2187341888748666__004_27527411270218271.jpg,balcony,test,4
test/balcony/1308193765888197_36011403111807153__004_2435318126936381.jpg,balcony,test,5
test/balcony/141224653236180_1857912448234050__002_976053944798135.jpg,balcony,test,4
test/balcony/1446203822077011_27367012439569461__002_10215610077961108.jpg,balcony,test,5
test/balcony/1369521363409648_2776457782715992__001_2776457782715992.jpg,balcony,test,3
test/balcony/1578259502584829_2453176158426488__006_1606277911503730.jpg,balcony,test,5
test/balcony/1034251924469584_1653711605856943__001_1653711605856943.jpg,balcony,test,4
test/balcony/1569279603190851_26462125483479585__002_1329715012348413.jpg,balcony,test,5
test/balcony/128182133878732_27321422187461359__004_1558339622968182.jpg,balcony,test,5
test/balcony/1308193765888197_36085046871109443__002_27506014335705265.jpg,balcony,test,5
test/balcony/1592420637729022_3953822624922133__005_1612961683134730.jpg,balcony,test,3
test/balcony/128182133878732_27374080202195557__005_10164543856492020.jpg,balcony,test,4
test/balcony/132807117125395_2267224463683639__001_2267224463683639.jpg,balcony,test,3
test/balcony/1424244737803677_4548026055425514__005_10216844090052718.jpg,balcony,test,4
test/balcony/1333924010089214_3464616230353304__009_1601075028692710.jpg,balcony,test,4
test/balcony/141224653236180_1856924051666223__001_1856924051666223.jpg,balcony,test,4
test/balcony/137474916300778_26693492093605699__003_10215904258036939.jpg,balcony,test,5
test/balcony/1302750086537790_4238089929670443__005_10164473603899379.jpg,balcony,test,3
test/balcony/1591401697779759_4248588495394386__007_27750283744573855.jpg,balcony,test,3
test/balcony/1444861819075775_4429739903921270__005_10240938292011690.jpg,balcony,test,5
test/balcony/1692162830827333_26856311543985781__006_3408256716020512.jpg,balcony,test,2
test/balcony/1592420637729022_3957249904579405__004_10164199308802270.jpg,balcony,test,5
test/balcony/136756476866142_2179110465964056__009_4041186886025681.jpg,balcony,test,3
test/balcony/167401334126918_2017867575746942__009_26886468090973858.jpg,balcony,test,4
test/balcony/1302750086537790_4243280002484769__001_4243280002484769.jpg,balcony,test,4
test/balcony/1409711522615858_4214365518817097__003_3464643220379826.jpg,balcony,test,4
test/balcony/1564067761059184_2158449434954344__005_2808474882829358.jpg,balcony,test,4
test/balcony/1074129249328016_35617433377904162__003_27372622772323774.jpg,balcony,test,5
test/balcony/1308193765888197_36032872916326839__003_2436183910183136.jpg,balcony,test,5
test/bathroom/1591401697779759_4248588495394386__009_27750283214573908.jpg,bathroom,test,4
test/bathroom/1369521363409648_2786193411742429__005_2516983722051388.jpg,bathroom,test,2
test/bathroom/167401334126918_2010677123132654__001_1466509241891396.jpg,bathroom,test,1
test/bathroom/167401334126918_2016533305880369__005_10214491032905264.jpg,bathroom,test,3
test/bathroom/101875683484689_2905483176457245__003_26792541297071588.jpg,bathroom,test,1
test/bathroom/1333924010089214_3478650662283194__011_27417207751213231.jpg,bathroom,test,3
test/bathroom/109471915759582_35897932603153393__009_2791826664534108.jpg,bathroom,test,2
test/bathroom/1578259502584829_2451441081933329__004_1604404548357733.jpg,bathroom,test,4
test/bathroom/128182133878732_27346706488266262__002_10216335411375183.jpg,bathroom,test,4
test/bathroom/1374467126144215_4385319698392261__002_10164259209349169.jpg,bathroom,test,3
test/bathroom/1109406492459598_27134308232876068__011_2894622940885403.jpg,bathroom,test,4
test/bathroom/1624818081000281_3672848516197217__005_27177970165147883.jpg,bathroom,test,4
test/bathroom/131650282168271_1326540316012589__002_10231870593003015.jpg,bathroom,test,4
test/bathroom/141600959022510_826395130543086__005_2149052135939681.jpg,bathroom,test,2
test/bathroom/1446203822077011_27382942777976427__006_10235734288031138.jpg,bathroom,test,2
test/bathroom/1369521363409648_2778958755799228__004_948720601266135.jpg,bathroom,test,3
test/bathroom/1591401697779759_4238075166445719__003_27119989464265565.jpg,bathroom,test,4
test/bathroom/101875683484689_2907823056223257__008_27647358354849134.jpg,bathroom,test,3
test/bathroom/1564067761059184_2163578587774762__009_2814336935576486.jpg,bathroom,test,3
test/bathroom/126295760730491_27978723861727640__009_10238950258508935.jpg,bathroom,test,2
test/bathroom/131650282168271_1334844441848843__003_4140003632958150.jpg,bathroom,test,5
test/bathroom/1592420637729022_3953758228261906__010_4325878637625073.jpg,bathroom,test,3
test/bathroom/128182133878732_27284251854511726__005_1659158878673366.jpg,bathroom,test,4
test/bathroom/131650282168271_1339336384732982__002_4398879843715976.jpg,bathroom,test,2
test/bathroom/1424244737803677_4551261735101946__009_1981198529949051.jpg,bathroom,test,2
test/bathroom/132807117125395_2267290957010323__012_26924718413817203.jpg,bathroom,test,2
test/bathroom/141600959022510_820689914446941__007_122137830753079644.jpg,bathroom,test,1
test/bathroom/1383397445076108_26937037555952079__005_3462603747231363.jpg,bathroom,test,2
test/bathroom/1302750086537790_4234861909993245__008_122175470510746125.jpg,bathroom,test,2
test/bathroom/1591401697779759_4246651848921384__008_917534197985163.jpg,bathroom,test,4
test/bathroom/1424244737803677_4554144541480332__009_10164247586044190.jpg,bathroom,test,2
test/bathroom/1692162830827333_26832628393020763__012_2463563687406162.jpg,bathroom,test,2
test/bathroom/1592420637729022_3955822644722131__009_4327862757426661.jpg,bathroom,test,3
test/bathroom/1369521363409648_2774113952950375__012_10242658264737080.jpg,bathroom,test,4
test/bathroom/167401334126918_2017038189163214__010_26874172128870121.jpg,bathroom,test,3
test/bathroom/1302750086537790_4239303359549100__002_4438468053147320.jpg,bathroom,test,3
test/bathroom/140974480089370_2200689420784522__010_26726619423704744.jpg,bathroom,test,3
test/bathroom/1532036997126363_4246834408979928__005_10163153576438175.jpg,bathroom,test,3
test/bathroom/1027538324098306_3238778472974269__005_10162631892401606.jpg,bathroom,test,3
test/bathroom/131650282168271_1327502199249734__001_1327502199249734.jpg,bathroom,test,4
test/bedroom/1578259502584829_2452274515183319__003_1969297220344536.jpg,bedroom,test,3
test/bedroom/1333924010089214_3469647649850162__003_122271859202247365.jpg,bedroom,test,5
test/bedroom/1665284003691199_4435788219974083__004_10233618410788701.jpg,bedroom,test,3
test/bedroom/167401334126918_2011324423067924__002_10226561719668075.jpg,bedroom,test,3
test/bedroom/101875683484689_2905947236410839__002_10164666637038538.jpg,bedroom,test,4
test/bedroom/131650282168271_1338017561531531__005_27179310141705720.jpg,bedroom,test,2
test/bedroom/108387882545483_27135565716067667__006_4460853374060282.jpg,bedroom,test,3
test/bedroom/1564067761059184_2157832278349393__006_4081464968818425.jpg,bedroom,test,3
test/bedroom/126295760730491_27925395927060434__004_2071663197039507.jpg,bedroom,test,2
test/bedroom/133922880497171_2058062474749859__004_4627499760803051.jpg,bedroom,test,2
test/bedroom/110907419268500_2729504540742095__006_122120918535241988.jpg,bedroom,test,2
test/bedroom/1592420637729022_3951797445124651__004_978058951264301.jpg,bedroom,test,3
test/bedroom/1308193765888197_35912862771661188__007_27140822995511036.jpg,bedroom,test,3
test/bedroom/140974480089370_2200242650829199__010_26720329641000389.jpg,bedroom,test,3
test/bedroom/1444861819075775_4434470360114891__005_36529335563332514.jpg,bedroom,test,4
test/bedroom/1333924010089214_3462857253862535__011_27863457853242632.jpg,bedroom,test,4
test/bedroom/1569279603190851_26431488103209990__008_10244349923989542.jpg,bedroom,test,4
test/bedroom/101875683484689_2907912812880948__006_972131182385395.jpg,bedroom,test,2
test/bedroom/1492833544374932_4495300957461494__005_10234329355157084.jpg,bedroom,test,4
test/bedroom/126295760730491_27812461901687171__007_10235045959909911.jpg,bedroom,test,5
test/bedroom/131650282168271_1325646672768620__006_10248671263060984.jpg,bedroom,test,2
test/bedroom/1591401697779759_4235810343338868__012_3003364739833988.jpg,bedroom,test,3
test/bedroom/126295760730491_27896786326588061__007_10164160270827911.jpg,bedroom,test,4
test/bedroom/131650282168271_1331253472207940__003_10164311514562929.jpg,bedroom,test,3
test/bedroom/140974480089370_2200689420784522__009_26726619237038096.jpg,bedroom,test,3
test/bedroom/131650282168271_1336204415046179__006_10163028228612135.jpg,bedroom,test,3
test/bedroom/140974480089370_2199967704190027__007_4370012049940257.jpg,bedroom,test,5
test/bedroom/1374467126144215_4389585284632369__009_2776935519326481.jpg,bedroom,test,2
test/bedroom/128182133878732_27249567717980140__005_36122909777307613.jpg,bedroom,test,4
test/bedroom/1574044329492258_4574260366137291__008_10164149286036797.jpg,bedroom,test,4
test/bedroom/1414853725269536_26875995918728633__007_2563137904141994.jpg,bedroom,test,3
test/bedroom/167401334126918_2015384059328627__009_26848375971449737.jpg,bedroom,test,2
test/bedroom/1591401697779759_4242014252718477__002_26681851334791333.jpg,bedroom,test,3
test/bedroom/132807117125395_2256111931461559__002_2311908606281487.jpg,bedroom,test,3
test/bedroom/167401334126918_2011391339727899__004_4470931146566108.jpg,bedroom,test,1
test/bedroom/128182133878732_27321422187461359__005_1558339636301514.jpg,bedroom,test,2
test/bedroom/1394256424177525_4367772830159188__007_1575323604156037.jpg,bedroom,test,1
test/bedroom/1446203822077011_27397329476537757__001_27397329476537757.jpg,bedroom,test,3
test/bedroom/101875683484689_2908042159534680__005_10242136637943311.jpg,bedroom,test,5
test/bedroom/1308193765888197_35956993850581413__005_10242349679541039.jpg,bedroom,test,3
test/building_exterior/1592420637729022_3952777915026604__001_3952777915026604.jpg,building_exterior,test,5
test/building_exterior/1374467126144215_4384549738469257__003_10164625379719255.jpg,building_exterior,test,4
test/building_exterior/1665284003691199_4435985206621051__009_10233620494960804.jpg,building_exterior,test,4
test/building_exterior/167401334126918_2017059069161126__010_27481969351395032.jpg,building_exterior,test,5
test/building_exterior/108387882545483_27059984563625783__003_10236561107340066.jpg,building_exterior,test,2
test/building_exterior/1369521363409648_2776252876069816__001_2776252876069816.jpg,building_exterior,test,5
test/building_exterior/1108075092683422_3612315515592688__004_27851196374480632.jpg,building_exterior,test,5
test/building_exterior/1591401697779759_4245124595740776__004_27082775254652528.jpg,building_exterior,test,4
test/building_exterior/128182133878732_27221493344120911__007_4341276342823478.jpg,building_exterior,test,5
test/building_exterior/137474916300778_26720919474196294__008_27399307489671494.jpg,building_exterior,test,4
test/building_exterior/1121082361306682_26869560476032184__006_10239445223882625.jpg,building_exterior,test,5
test/building_exterior/1592420637729022_3959087121062350__001_3959087121062350.jpg,building_exterior,test,5
test/building_exterior/1308193765888197_35941381958809269__001_10241317485255001.jpg,building_exterior,test,5
test/building_exterior/1444861819075775_4437789236449670__001_4437789236449670.jpg,building_exterior,test,5
test/building_exterior/151351752255977_2000095174048283__001_2000095174048283.jpg,building_exterior,test,5
test/building_exterior/1374467126144215_4384071078517123__001_2179431126155046.jpg,building_exterior,test,5
test/building_exterior/1592420637729022_3949179985386397__008_122239435556267328.jpg,building_exterior,test,4
test/building_exterior/109471915759582_35950657537880899__003_1500305441796816.jpg,building_exterior,test,3
test/building_exterior/1574044329492258_4577574255805902__008_1301188548889821.jpg,building_exterior,test,5
test/building_exterior/126295760730491_27779831098283585__004_10163191507897473.jpg,building_exterior,test,4
test/building_exterior/132807117125395_2260364464369639__004_10162904104193355.jpg,building_exterior,test,4
test/building_exterior/1592420637729022_3954783948159334__001_3954783948159334.jpg,building_exterior,test,5
test/building_exterior/128182133878732_27205048692432043__012_10163253197862529.jpg,building_exterior,test,5
test/building_exterior/133922880497171_2056804964875610__001_2056804964875610.jpg,building_exterior,test,5
test/building_exterior/1444861819075775_4440879259474001__001_4440879259474001.jpg,building_exterior,test,4
test/building_exterior/136756476866142_2177064302835339__008_26253417101024117.jpg,building_exterior,test,5
test/building_exterior/1444861819075775_4437744733120787__007_2051770225370984.jpg,building_exterior,test,5
test/building_exterior/1394256424177525_4360157907587347__001_27433603636270314.jpg,building_exterior,test,4
test/building_exterior/128182133878732_27322732573996987__001_27322732573996987.jpg,building_exterior,test,5
test/building_exterior/1592420637729022_3951863035118092__001_26564244459870581.jpg,building_exterior,test,4
test/building_exterior/1444861819075775_4442919469269980__001_984827563929141.jpg,building_exterior,test,5
test/building_exterior/1692162830827333_26845402481743354__001_26845402481743354.jpg,building_exterior,test,4
test/building_exterior/1592420637729022_3955822644722131__001_3955822644722131.jpg,building_exterior,test,5
test/building_exterior/1374467126144215_4380541295536768__005_3516116371895519.jpg,building_exterior,test,4
test/building_exterior/167401334126918_2017867575746942__001_2017867575746942.jpg,building_exterior,test,5
test/building_exterior/128182133878732_27373527192250858__007_3356829554498648.jpg,building_exterior,test,4
test/building_exterior/1444861819075775_4429739903921270__002_1502570311318355.jpg,building_exterior,test,4
test/building_exterior/1569279603190851_26485821504443316__009_10244420800481410.jpg,building_exterior,test,5
test/building_exterior/109471915759582_36036260382653947__010_27202888002649251.jpg,building_exterior,test,5
test/building_exterior/1308193765888197_36018311497782981__004_122260331000161904.jpg,building_exterior,test,5
test/garden/128182133878732_27333482419588669__001_27333482419588669.jpg,garden,test,4
test/garden/1109406492459598_27061909066782652__009_2997509783781026.jpg,garden,test,5
test/garden/1302750086537790_4247151812097588__003_10167450766668135.jpg,garden,test,5
test/garden/1665284003691199_4452540284965543__003_1822202982085018.jpg,garden,test,4
test/garden/101875683484689_2908363519502544__006_10241144636503992.jpg,garden,test,5
test/garden/1308193765888197_35968394996107965__001_35968394996107965.jpg,garden,test,5
test/garden/1592420637729022_3955887394715656__003_4327929334086670.jpg,garden,test,5
test/garden/1369521363409648_2779585305736573__007_2574473743008410.jpg,garden,test,4
test/garden/1100386826745670_27159157903775206__009_2030425681210545.jpg,garden,test,4
test/garden/1108280606220345_2687681181613605__006_857923714019381.jpg,garden,test,4
test/garden/1692162830827333_26846041135012822__008_1496951435468149.jpg,garden,test,5
test/garden/1333924010089214_3464474587034135__009_1600937018706511.jpg,garden,test,5
test/garden/162570224559186_2201683080647880__007_27213822268215740.jpg,garden,test,5
test/garden/1308193765888197_35941820265432105__003_1454197623386991.jpg,garden,test,5
test/garden/167401334126918_2016988772501489__001_2016988772501489.jpg,garden,test,5
test/garden/1108280606220345_2684354275279629__003_1571357061000519.jpg,garden,test,4
test/garden/1308193765888197_36036055119341952__002_122174923268612850.jpg,garden,test,5
test/garden/109471915759582_36083405514606100__007_27440156102248317.jpg,garden,test,4
test/garden/1121082361306682_26913774228277475__002_984376960759139.jpg,garden,test,4
test/garden/1592420637729022_3952018328435896__011_26610621481964275.jpg,garden,test,5
test/garden/137474916300778_26776461635308744__010_4048279118649791.jpg,garden,test,5
test/garden/1029345667543954_2376270609518113__008_35578501308430851.jpg,garden,test,5
test/garden/136756476866142_2179174042624365__008_4041278252683211.jpg,garden,test,5
test/garden/141224653236180_1858276281531000__003_10232555863586360.jpg,garden,test,4
test/garden/1308193765888197_35987045637576234__007_10242365103246622.jpg,garden,test,4
test/garden/1185455534885646_26470597092611475__002_26893225143645387.jpg,garden,test,5
test/garden/125793327613639_3043984739127802__002_4448110682181972.jpg,garden,test,5
test/garden/1308193765888197_36054806950800102__007_10242405746942689.jpg,garden,test,4
test/garden/109471915759582_35962132970066689__005_10164216969438334.jpg,garden,test,5
test/garden/137474916300778_26708951958726379__004_122125971651199147.jpg,garden,test,4
test/garden/1108075092683422_3617065861784320__003_1453440336796866.jpg,garden,test,5
test/garden/1414853725269536_26865380589790166__005_976371984908158.jpg,garden,test,5
test/garden/167401334126918_2018657899001243__004_27275017705424492.jpg,garden,test,5
test/garden/1414853725269536_27004479979213559__002_1542049847254872.jpg,garden,test,3
test/garden/1578259502584829_2454685671608870__003_10242356107900275.jpg,garden,test,4
test/garden/1029345667543954_2386180625193778__002_1571786741618940.jpg,garden,test,4
test/garden/1175635132590303_3562379863915806__007_32517511801196433.jpg,garden,test,5
test/garden/1374467126144215_4381322175458680__004_27354265010848094.jpg,garden,test,4
test/garden/1109406492459598_27095582010082024__009_3428256254022352.jpg,garden,test,4
test/garden/1308193765888197_36037586252522172__008_35631221423159080.jpg,garden,test,5
test/kitchen_dining/1592420637729022_3952178865086509__005_10238574948370042.jpg,kitchen_dining,test,3
test/kitchen_dining/1369521363409648_2773744202987350__003_1476679204151669.jpg,kitchen_dining,test,5
test/kitchen_dining/1665284003691199_4435788219974083__002_10233618409468668.jpg,kitchen_dining,test,3
test/kitchen_dining/167401334126918_2012996746234025__006_10216493641291135.jpg,kitchen_dining,test,4
test/kitchen_dining/101875683484689_2905930343079195__003_1315424194052218.jpg,kitchen_dining,test,2
test/kitchen_dining/1333924010089214_3471122563036004__004_27161925313432504.jpg,kitchen_dining,test,3
test/kitchen_dining/109471915759582_35942507935362526__001_35942507935362526.jpg,kitchen_dining,test,4
test/kitchen_dining/1578259502584829_2457772354633535__003_27125724447060692.jpg,kitchen_dining,test,5
test/kitchen_dining/126295760730491_27901029216163772__005_10216217574669976.jpg,kitchen_dining,test,3
test/kitchen_dining/1374467126144215_4385364695054428__003_26972155712401321.jpg,kitchen_dining,test,3
test/kitchen_dining/1109406492459598_27061909066782652__001_27061909066782652.jpg,kitchen_dining,test,3
test/kitchen_dining/1624818081000281_3672956152853120__003_10237220655554700.jpg,kitchen_dining,test,3
test/kitchen_dining/1308193765888197_36011625181784946__004_10243360226323712.jpg,kitchen_dining,test,3
test/kitchen_dining/1424244737803677_4551261735101946__007_1981198386615732.jpg,kitchen_dining,test,3
test/kitchen_dining/1480733602056021_26603137666055601__011_10164192170019907.jpg,kitchen_dining,test,4
test/kitchen_dining/133922880497171_2060675601155213__006_3096363637230351.jpg,kitchen_dining,test,3
test/kitchen_dining/1591401697779759_4246324182287484__001_4246324182287484.jpg,kitchen_dining,test,4
test/kitchen_dining/101875683484689_2908161762856053__003_27156441070617006.jpg,kitchen_dining,test,4
test/kitchen_dining/1574044329492258_4567779080118753__005_10239426822081237.jpg,kitchen_dining,test,5
test/kitchen_dining/125793327613639_3044528859073390__003_10238687182772338.jpg,kitchen_dining,test,2
test/kitchen_dining/131650282168271_1328188402514447__003_10164412710995675.jpg,kitchen_dining,test,4
test/kitchen_dining/1592420637729022_3960145634289832__007_35628919650055924.jpg,kitchen_dining,test,4
test/kitchen_dining/126295760730491_27860511916882169__005_27943961858526249.jpg,kitchen_dining,test,4
test/kitchen_dining/131650282168271_1338017154864905__004_1577991923917909.jpg,kitchen_dining,test,2
test/kitchen_dining/1424244737803677_4553438328217620__003_10215486582274545.jpg,kitchen_dining,test,2
test/kitchen_dining/132807117125395_2263054650767287__004_1306717444989868.jpg,kitchen_dining,test,3
test/kitchen_dining/1424244737803677_4549636178597835__006_122215372484295223.jpg,kitchen_dining,test,3
test/kitchen_dining/1383397445076108_26947066978282470__003_10164192162994907.jpg,kitchen_dining,test,3
test/kitchen_dining/126295760730491_28018358164430876__001_2269408600529007.jpg,kitchen_dining,test,2
test/kitchen_dining/1592420637729022_3948786585425737__002_10164033738316168.jpg,kitchen_dining,test,3
test/kitchen_dining/1424244737803677_4556382057923247__007_4643585912535662.jpg,kitchen_dining,test,4
test/kitchen_dining/167401334126918_2017977332402633__007_10241760320814110.jpg,kitchen_dining,test,5
test/kitchen_dining/1592420637729022_3962192707418458__008_994255853338953.jpg,kitchen_dining,test,4
test/kitchen_dining/133922880497171_2058009454755161__005_27199448299693899.jpg,kitchen_dining,test,5
test/kitchen_dining/167401334126918_2013004296233270__006_27417926941132607.jpg,kitchen_dining,test,3
test/kitchen_dining/128182133878732_27243707541899491__003_1825221468822326.jpg,kitchen_dining,test,3
test/kitchen_dining/140974480089370_2200565934130204__003_10236441756055691.jpg,kitchen_dining,test,4
test/kitchen_dining/1564067761059184_2164512357681385__006_1564030252398968.jpg,kitchen_dining,test,3
test/kitchen_dining/1029345667543954_2381618942316613__003_10163181944983752.jpg,kitchen_dining,test,3
test/kitchen_dining/1308193765888197_36085046871109443__004_27506014315705267.jpg,kitchen_dining,test,5
test/living_room/1578259502584829_2457779251299512__006_1539446704827262.jpg,living_room,test,3
test/living_room/1369521363409648_2780279442333826__003_10244232721490666.jpg,living_room,test,3
test/living_room/1662194610917822_2399608753843067__002_10236966927646221.jpg,living_room,test,5
test/living_room/1665284003691199_4452650581621180__001_4452650581621180.jpg,living_room,test,3
test/living_room/101875683484689_2907101822962047__001_2907101822962047.jpg,living_room,test,5
test/living_room/131650282168271_1336527691680518__003_10164434508903874.jpg,living_room,test,3
test/living_room/109471915759582_35963973033216016__001_35963973033216016.jpg,living_room,test,3
test/living_room/1574044329492258_4568777076685620__003_26592071403744472.jpg,living_room,test,4
test/living_room/128182133878732_27216410277962551__001_27216410277962551.jpg,living_room,test,3
test/living_room/1374467126144215_4383415751915989__001_4383415751915989.jpg,living_room,test,4
test/living_room/111163552234056_27719330624323977__003_10239111784106147.jpg,living_room,test,3
test/living_room/1592420637729022_3953767204927675__005_10164881073203010.jpg,living_room,test,4
test/living_room/1308193765888197_35915959941351471__004_27142469462013056.jpg,living_room,test,4
test/living_room/1414853725269536_26895975010064057__007_122324415620225986.jpg,living_room,test,2
test/living_room/1446203822077011_27313523598251679__006_2083899282156093.jpg,living_room,test,5
test/living_room/136756476866142_2185488768659559__002_10241226469663803.jpg,living_room,test,4
test/living_room/1578259502584829_2452439798500124__007_1245398264246984.jpg,living_room,test,3
test/living_room/1029345667543954_2384354605376380__003_935538779477146.jpg,living_room,test,5
test/living_room/151351752255977_2006225426768591__001_2006225426768591.jpg,living_room,test,2
test/living_room/126295760730491_27837459899187371__001_27837459899187371.jpg,living_room,test,4
test/living_room/1308193765888197_36059684260312371__008_35653246470956575.jpg,living_room,test,3
test/living_room/1591401697779759_4251572045096031__004_1544060883958715.jpg,living_room,test,2
test/living_room/126295760730491_27976891695244190__004_27997735139826410.jpg,living_room,test,3
test/living_room/131650282168271_1326018892731398__005_1751740259525475.jpg,living_room,test,2
test/living_room/1414853725269536_27094439290217627__005_122289192800234082.jpg,living_room,test,4
test/living_room/131650282168271_1330613925605228__003_122135565321205308.jpg,living_room,test,3
test/living_room/1414853725269536_26884972534497638__002_1268612432140147.jpg,living_room,test,4
test/living_room/137474916300778_26763429706611937__003_1004638832094489.jpg,living_room,test,2
test/living_room/128182133878732_27290682820535296__001_27290682820535296.jpg,living_room,test,4
test/living_room/1578259502584829_2455378224872948__006_27863812003206242.jpg,living_room,test,4
test/living_room/1424244737803677_4551219348439518__002_1981158053286432.jpg,living_room,test,4
test/living_room/167401334126918_2017405015793198__008_10164521686719244.jpg,living_room,test,3
test/living_room/1592420637729022_3949677725336623__006_947983528107945.jpg,living_room,test,3
test/living_room/133922880497171_2057686664787440__002_10244004129620018.jpg,living_room,test,3
test/living_room/167401334126918_2011037319763301__006_10215901837136460.jpg,living_room,test,3
test/living_room/128182133878732_27325211707082407__001_27325211707082407.jpg,living_room,test,3
test/living_room/140974480089370_2199044250949039__009_10230633879020747.jpg,living_room,test,3
test/living_room/1509783812615243_4390232807903648__006_122131786923157413.jpg,living_room,test,4
test/living_room/1029345667543954_2385139685297872__001_2385139685297872.jpg,living_room,test,4
test/living_room/1308193765888197_35941483345465797__003_10162832350973365.jpg,living_room,test,5
test/not_real_estate/1466088316786306_26945611411740646__001_10239895639705148.jpg,not_real_estate,test,5
test/not_real_estate/133922880497171_2057791851443588__001_2057791851443588.jpg,not_real_estate,test,5
test/not_real_estate/1592420637729022_3948786585425737__007_10164033738626168.jpg,not_real_estate,test,4
test/not_real_estate/162570224559186_2202529787229876__001_1284546820498877.jpg,not_real_estate,test,5
test/not_real_estate/1100386826745670_27327717313585930__001_27327717313585930.jpg,not_real_estate,test,3
test/not_real_estate/1333924010089214_3476417179173209__007_122135112735129583.jpg,not_real_estate,test,5
test/not_real_estate/111163552234056_27883052204618484__001_27883052204618484.jpg,not_real_estate,test,3
test/not_real_estate/1446203822077011_27312422238361815__009_122161491716819325.jpg,not_real_estate,test,1
test/not_real_estate/1250686224969130_26914323481512052__003_1423463083147049.jpg,not_real_estate,test,3
test/not_real_estate/133922880497171_2059366167952823__004_1341556301162055.jpg,not_real_estate,test,2
test/not_real_estate/1131541966889617_26923589377258189__002_3148933578629058.jpg,not_real_estate,test,4
test/not_real_estate/1509783812615243_4390258214567774__001_122194110206531142.jpg,not_real_estate,test,1
test/not_real_estate/1302750086537790_4244502552362514__004_122176471928746125.jpg,not_real_estate,test,1
test/not_real_estate/1374467126144215_4385180818406149__002_1608964667618814.jpg,not_real_estate,test,5
test/not_real_estate/1394256424177525_4353974038205734__001_4016271442003868.jpg,not_real_estate,test,4
test/not_real_estate/133922880497171_2057459188143521__004_2240672876703585.jpg,not_real_estate,test,1
test/not_real_estate/1446203822077011_27357830940487611__004_1576671514461765.jpg,not_real_estate,test,5
test/not_real_estate/1108075092683422_3622133857944187__004_36651879324399249.jpg,not_real_estate,test,5
test/not_real_estate/1444861819075775_4437971809764746__002_1765534347959735.jpg,not_real_estate,test,5
test/not_real_estate/1250686224969130_26881182448159489__011_35937458109201342.jpg,not_real_estate,test,4
test/not_real_estate/1308193765888197_36011812515099546__001_36011812515099546.jpg,not_real_estate,test,3
test/not_real_estate/1509783812615243_4388981004695495__001_4388981004695495.jpg,not_real_estate,test,3
test/not_real_estate/1250686224969130_26905614289049638__011_1422838619876162.jpg,not_real_estate,test,4
test/not_real_estate/1308193765888197_36083812231232907__004_1641091121065059.jpg,not_real_estate,test,5
test/not_real_estate/1374467126144215_4389562757967955__003_962538780102665.jpg,not_real_estate,test,5
test/not_real_estate/131650282168271_1334608065205814__001_1334608065205814.jpg,not_real_estate,test,5
test/not_real_estate/1374467126144215_4384337175157180__003_10239421249602311.jpg,not_real_estate,test,5
test/not_real_estate/1369521363409648_2774283266266777__004_1477167417436181.jpg,not_real_estate,test,4
test/not_real_estate/125793327613639_3040936619432614__001_876726495453410.jpg,not_real_estate,test,5
test/not_real_estate/1446203822077011_27393081916962513__002_972363432312235.jpg,not_real_estate,test,2
test/not_real_estate/137474916300778_26654798244141751__005_122135957175150192.jpg,not_real_estate,test,4
test/not_real_estate/1658210834462300_4472361986380490__007_10164090704428396.jpg,not_real_estate,test,5
test/not_real_estate/1509783812615243_4389242241336038__001_10164208200468599.jpg,not_real_estate,test,5
test/not_real_estate/133922880497171_2056884674867639__004_10241113090274551.jpg,not_real_estate,test,5
test/not_real_estate/162570224559186_2203426640473524__001_1285392430414316.jpg,not_real_estate,test,5
test/not_real_estate/125793327613639_3042420039284272__007_1294926722766384.jpg,not_real_estate,test,4
test/not_real_estate/1369521363409648_2782726412089129__005_10233754539029782.jpg,not_real_estate,test,5
test/not_real_estate/1444861819075775_4430462463849014__003_122212713704323800.jpg,not_real_estate,test,3
test/not_real_estate/1108280606220345_2677818332599890__004_1308367950800344.jpg,not_real_estate,test,5
test/not_real_estate/1302750086537790_4253756751437094__003_122278277900080930.jpg,not_real_estate,test,5
